comment,term
0,10
1,4
2,17
3,10
4,4
5,8
6,17
7,10
8,4
9,8
10,14
11,17
12,10
13,4
14,8
15,14
16,3
17,17
18,10
19,4
20,8
21,14
22,3
23,3
24,17
25,10
26,4
27,8
28,14
29,3
30,3
31,10
32,17
33,10
34,4
35,8
36,14
37,3
38,3
39,10
40,10
41,17
42,10
43,4
44,8
45,14
46,3
47,3
48,10
49,10
50,18
51,17
52,10
53,4
54,8
55,14
56,3
57,3
58,10
59,10
60,18
61,4
62,17
63,10
64,4
65,8
66,14
67,3
68,3
69,10
70,10
71,18
72,4
73,3
74,17
75,10
76,4
77,8
78,14
79,3
80,3
81,10
82,10
83,18
84,4
85,3
86,17
87,17
88,10
89,4
90,8
91,14
92,3
93,3
94,10
95,10
96,18
97,4
98,3
99,17
100,1
101,17
102,10
103,4
104,8
105,14
106,3
107,3
108,10
109,10
110,18
111,4
112,3
113,17
114,1
115,21
116,17
117,10
118,4
119,8
120,14
121,3
122,3
123,10
124,10
125,18
126,4
127,3
128,17
129,1
130,21
131,8
132,17
133,10
134,4
135,8
136,14
137,3
138,3
139,10
140,10
141,18
142,4
143,3
144,17
145,1
146,21
147,8
148,14
149,17
150,10
151,4
152,8
153,14
154,3
155,3
156,10
157,10
158,18
159,4
160,3
161,17
162,1
163,21
164,8
165,14
166,18
167,17
168,10
169,4
170,8
171,14
172,3
173,3
174,10
175,10
176,18
177,4
178,3
179,17
180,1
181,21
182,8
183,14
184,18
185,6
186,17
187,10
188,4
189,8
190,14
191,3
192,3
193,10
194,10
195,18
196,4
197,3
198,17
199,1
200,21
201,8
202,14
203,18
204,6
205,5
206,15
207,15
208,6
209,15
210,6
211,2
212,15
213,6
214,2
215,5
216,15
217,6
218,2
219,5
220,5
221,15
222,6
223,2
224,5
225,5
226,1
227,15
228,6
229,2
230,5
231,5
232,1
233,3
234,15
235,6
236,2
237,5
238,5
239,1
240,3
241,9
242,15
243,6
244,2
245,5
246,5
247,1
248,3
249,9
250,10
251,15
252,6
253,2
254,5
255,5
256,1
257,3
258,9
259,10
260,8
261,15
262,6
263,2
264,5
265,5
266,1
267,3
268,9
269,10
270,8
271,2
272,15
273,6
274,2
275,5
276,5
277,1
278,3
279,9
280,10
281,8
282,2
283,7
284,15
285,6
286,2
287,5
288,5
289,1
290,3
291,9
292,10
293,8
294,2
295,7
296,5
297,15
298,6
299,2
300,5
301,5
302,1
303,3
304,9
305,10
306,8
307,2
308,7
309,5
310,5
311,15
312,6
313,2
314,5
315,5
316,1
317,3
318,9
319,10
320,8
321,2
322,7
323,5
324,5
325,42
326,15
327,6
328,2
329,5
330,5
331,1
332,3
333,9
334,10
335,8
336,2
337,7
338,5
339,5
340,42
341,15
342,15
343,6
344,2
345,5
346,5
347,1
348,3
349,9
350,10
351,8
352,2
353,7
354,5
355,5
356,42
357,15
358,2
359,15
360,6
361,2
362,5
363,5
364,1
365,3
366,9
367,10
368,8
369,2
370,7
371,5
372,5
373,42
374,15
375,2
376,3
377,15
378,6
379,2
380,5
381,5
382,1
383,3
384,9
385,10
386,8
387,2
388,7
389,5
390,5
391,42
392,15
393,2
394,3
395,15
396,6
397,2
398,5
399,5
400,1
401,3
402,9
403,10
404,8
405,2
406,7
407,5
408,5
409,42
410,15
411,2
412,3
413,6
414,12
415,12
416,49
417,12
418,49
419,34
420,12
421,49
422,34
423,7
424,12
425,49
426,34
427,7
428,6
429,12
430,49
431,34
432,7
433,6
434,7
435,12
436,49
437,34
438,7
439,6
440,7
441,7
442,12
443,49
444,34
445,7
446,6
447,7
448,7
449,3
450,12
451,49
452,34
453,7
454,6
455,7
456,7
457,3
458,12
459,12
460,49
461,34
462,7
463,6
464,7
465,7
466,3
467,12
468,2
469,12
470,49
471,34
472,7
473,6
474,7
475,7
476,3
477,12
478,2
479,2
480,12
481,49
482,34
483,7
484,6
485,7
486,7
487,3
488,12
489,2
490,2
491,13
492,12
493,49
494,34
495,7
496,6
497,7
498,7
499,3
500,12
501,2
502,2
503,13
504,21
505,12
506,49
507,34
508,7
509,6
510,7
511,7
512,3
513,12
514,2
515,2
516,13
517,21
518,4
519,12
520,49
521,34
522,7
523,6
524,7
525,7
526,3
527,12
528,2
529,2
530,13
531,21
532,4
533,16
534,12
535,49
536,34
537,7
538,6
539,7
540,7
541,3
542,12
543,2
544,2
545,13
546,21
547,4
548,16
549,2
550,12
551,49
552,34
553,7
554,6
555,7
556,7
557,3
558,12
559,2
560,2
561,13
562,21
563,4
564,16
565,2
566,7
567,12
568,49
569,34
570,7
571,6
572,7
573,7
574,3
575,12
576,2
577,2
578,13
579,21
580,4
581,16
582,2
583,7
584,29
585,12
586,49
587,34
588,7
589,6
590,7
591,7
592,3
593,12
594,2
595,2
596,13
597,21
598,4
599,16
600,2
601,7
602,29
603,15
604,12
605,49
606,34
607,7
608,6
609,7
610,7
611,3
612,12
613,2
614,2
615,13
616,21
617,4
618,16
619,2
620,7
621,29
622,15
623,8
624,3
625,3
626,40
627,3
628,40
629,1
630,3
631,40
632,1
633,8
634,3
635,40
636,1
637,8
638,81
639,3
640,40
641,1
642,8
643,81
644,7
645,3
646,40
647,1
648,8
649,81
650,7
651,5
652,3
653,40
654,1
655,8
656,81
657,7
658,5
659,6
660,3
661,40
662,1
663,8
664,81
665,7
666,5
667,6
668,2
669,3
670,40
671,1
672,8
673,81
674,7
675,5
676,6
677,2
678,13
679,3
680,40
681,1
682,8
683,81
684,7
685,5
686,6
687,2
688,13
689,2
690,3
691,40
692,1
693,8
694,81
695,7
696,5
697,6
698,2
699,13
700,2
701,3
702,3
703,40
704,1
705,8
706,81
707,7
708,5
709,6
710,2
711,13
712,2
713,3
714,3
715,3
716,40
717,1
718,8
719,81
720,7
721,5
722,6
723,2
724,13
725,2
726,3
727,3
728,34
729,3
730,40
731,1
732,8
733,81
734,7
735,5
736,6
737,2
738,13
739,2
740,3
741,3
742,34
743,8
744,3
745,40
746,1
747,8
748,81
749,7
750,5
751,6
752,2
753,13
754,2
755,3
756,3
757,34
758,8
759,6
760,3
761,40
762,1
763,8
764,81
765,7
766,5
767,6
768,2
769,13
770,2
771,3
772,3
773,34
774,8
775,6
776,1
777,3
778,40
779,1
780,8
781,81
782,7
783,5
784,6
785,2
786,13
787,2
788,3
789,3
790,34
791,8
792,6
793,1
794,5
795,3
796,40
797,1
798,8
799,81
800,7
801,5
802,6
803,2
804,13
805,2
806,3
807,3
808,34
809,8
810,6
811,1
812,5
813,16
814,3
815,40
816,1
817,8
818,81
819,7
820,5
821,6
822,2
823,13
824,2
825,3
826,3
827,34
828,8
829,6
830,1
831,5
832,16
833,19
834,1
835,1
836,2
837,1
838,2
839,11
840,1
841,2
842,11
843,7
844,1
845,2
846,11
847,7
848,18
849,1
850,2
851,11
852,7
853,18
854,18
855,1
856,2
857,11
858,7
859,18
860,18
861,9
862,1
863,2
864,11
865,7
866,18
867,18
868,9
869,22
870,1
871,2
872,11
873,7
874,18
875,18
876,9
877,22
878,6
879,1
880,2
881,11
882,7
883,18
884,18
885,9
886,22
887,6
888,22
889,1
890,2
891,11
892,7
893,18
894,18
895,9
896,22
897,6
898,22
899,3
900,1
901,2
902,11
903,7
904,18
905,18
906,9
907,22
908,6
909,22
910,3
911,11
912,1
913,2
914,11
915,7
916,18
917,18
918,9
919,22
920,6
921,22
922,3
923,11
924,7
925,1
926,2
927,11
928,7
929,18
930,18
931,9
932,22
933,6
934,22
935,3
936,11
937,7
938,1
939,1
940,2
941,11
942,7
943,18
944,18
945,9
946,22
947,6
948,22
949,3
950,11
951,7
952,1
953,2
954,1
955,2
956,11
957,7
958,18
959,18
960,9
961,22
962,6
963,22
964,3
965,11
966,7
967,1
968,2
969,2
970,1
971,2
972,11
973,7
974,18
975,18
976,9
977,22
978,6
979,22
980,3
981,11
982,7
983,1
984,2
985,2
986,14
987,1
988,2
989,11
990,7
991,18
992,18
993,9
994,22
995,6
996,22
997,3
998,11
999,7
1000,1
1001,2
1002,2
1003,14
1004,22
1005,1
1006,2
1007,11
1008,7
1009,18
1010,18
1011,9
1012,22
1013,6
1014,22
1015,3
1016,11
1017,7
1018,1
1019,2
1020,2
1021,14
1022,22
1023,5
1024,1
1025,2
1026,11
1027,7
1028,18
1029,18
1030,9
1031,22
1032,6
1033,22
1034,3
1035,11
1036,7
1037,1
1038,2
1039,2
1040,14
1041,22
1042,5
1043,14
1044,4
1045,4
1046,7
1047,4
1048,7
1049,7
1050,4
1051,7
1052,7
1053,3
1054,4
1055,7
1056,7
1057,3
1058,2
1059,4
1060,7
1061,7
1062,3
1063,2
1064,14
1065,4
1066,7
1067,7
1068,3
1069,2
1070,14
1071,7
1072,4
1073,7
1074,7
1075,3
1076,2
1077,14
1078,7
1079,9
1080,4
1081,7
1082,7
1083,3
1084,2
1085,14
1086,7
1087,9
1088,3
1089,4
1090,7
1091,7
1092,3
1093,2
1094,14
1095,7
1096,9
1097,3
1098,3
1099,4
1100,7
1101,7
1102,3
1103,2
1104,14
1105,7
1106,9
1107,3
1108,3
1109,2
1110,4
1111,7
1112,7
1113,3
1114,2
1115,14
1116,7
1117,9
1118,3
1119,3
1120,2
1121,14
1122,4
1123,7
1124,7
1125,3
1126,2
1127,14
1128,7
1129,9
1130,3
1131,3
1132,2
1133,14
1134,17
1135,4
1136,7
1137,7
1138,3
1139,2
1140,14
1141,7
1142,9
1143,3
1144,3
1145,2
1146,14
1147,18
1148,4
1149,4
1150,7
1151,7
1152,3
1153,2
1154,14
1155,7
1156,9
1157,3
1158,3
1159,2
1160,14
1161,18
1162,4
1163,2
1164,4
1165,7
1166,7
1167,3
1168,2
1169,14
1170,7
1171,9
1172,3
1173,3
1174,2
1175,14
1176,18
1177,4
1178,2
1179,6
1180,4
1181,7
1182,7
1183,3
1184,2
1185,14
1186,7
1187,9
1188,3
1189,3
1190,2
1191,14
1192,18
1193,4
1194,2
1195,6
1196,17
1197,4
1198,7
1199,7
1200,3
1201,2
1202,14
1203,7
1204,9
1205,3
1206,3
1207,2
1208,14
1209,18
1210,4
1211,2
1212,6
1213,17
1214,10
1215,4
1216,7
1217,7
1218,3
1219,2
1220,14
1221,7
1222,9
1223,3
1224,3
1225,2
1226,14
1227,18
1228,4
1229,2
1230,6
1231,17
1232,10
1233,10
1234,4
1235,7
1236,7
1237,3
1238,2
1239,14
1240,7
1241,9
1242,3
1243,3
1244,2
1245,14
1246,18
1247,4
1248,2
1249,6
1250,17
1251,10
1252,10
1253,12
1254,1
1255,1
1256,5
1257,1
1258,5
1259,20
1260,1
1261,5
1262,20
1263,13
1264,1
1265,5
1266,20
1267,13
1268,8
1269,1
1270,5
1271,20
1272,13
1273,8
1274,4
1275,1
1276,5
1277,20
1278,13
1279,8
1280,4
1281,2
1282,1
1283,5
1284,20
1285,13
1286,8
1287,4
1288,2
1289,5
1290,1
1291,5
1292,20
1293,13
1294,8
1295,4
1296,2
1297,5
1298,10
1299,1
1300,5
1301,20
1302,13
1303,8
1304,4
1305,2
1306,5
1307,10
1308,19
1309,1
1310,5
1311,20
1312,13
1313,8
1314,4
1315,2
1316,5
1317,10
1318,19
1319,13
1320,1
1321,5
1322,20
1323,13
1324,8
1325,4
1326,2
1327,5
1328,10
1329,19
1330,13
1331,19
1332,2
1333,1
1334,5
1335,20
1336,13
1337,8
1338,4
1339,2
1340,5
1341,10
1342,19
1343,13
1344,19
1345,2
1346,9
1347,1
1348,5
1349,20
1350,13
1351,8
1352,4
1353,2
1354,5
1355,10
1356,19
1357,13
1358,19
1359,2
1360,9
1361,2
1362,1
1363,5
1364,20
1365,13
1366,8
1367,4
1368,2
1369,5
1370,10
1371,19
1372,13
1373,19
1374,2
1375,9
1376,2
1377,1
1378,1
1379,5
1380,20
1381,13
1382,8
1383,4
1384,2
1385,5
1386,10
1387,19
1388,13
1389,19
1390,2
1391,9
1392,2
1393,1
1394,2
1395,1
1396,5
1397,20
1398,13
1399,8
1400,4
1401,2
1402,5
1403,10
1404,19
1405,13
1406,19
1407,2
1408,9
1409,2
1410,1
1411,2
1412,2
1413,1
1414,5
1415,20
1416,13
1417,8
1418,4
1419,2
1420,5
1421,10
1422,19
1423,13
1424,19
1425,2
1426,9
1427,2
1428,1
1429,2
1430,2
1431,3
1432,1
1433,5
1434,20
1435,13
1436,8
1437,4
1438,2
1439,5
1440,10
1441,19
1442,13
1443,19
1444,2
1445,9
1446,2
1447,1
1448,2
1449,2
1450,3
1451,5
1452,1
1453,5
1454,20
1455,13
1456,8
1457,4
1458,2
1459,5
1460,10
1461,19
1462,13
1463,19
1464,2
1465,9
1466,2
1467,1
1468,2
1469,2
1470,3
1471,5
1472,1
1473,2
1474,2
1475,5
1476,5
1477,1
1478,5
1479,1
1480,1
1481,5
1482,1
1483,1
1484,6
1485,5
1486,1
1487,1
1488,6
1489,4
1490,5
1491,1
1492,1
1493,6
1494,4
1495,6
1496,5
1497,1
1498,1
1499,6
1500,4
1501,6
1502,5
1503,5
1504,1
1505,1
1506,6
1507,4
1508,6
1509,5
1510,3
1511,5
1512,1
1513,1
1514,6
1515,4
1516,6
1517,5
1518,3
1519,2
1520,5
1521,1
1522,1
1523,6
1524,4
1525,6
1526,5
1527,3
1528,2
1529,2
1530,5
1531,1
1532,1
1533,6
1534,4
1535,6
1536,5
1537,3
1538,2
1539,2
1540,8
1541,5
1542,1
1543,1
1544,6
1545,4
1546,6
1547,5
1548,3
1549,2
1550,2
1551,8
1552,8
1553,5
1554,1
1555,1
1556,6
1557,4
1558,6
1559,5
1560,3
1561,2
1562,2
1563,8
1564,8
1565,1
1566,5
1567,1
1568,1
1569,6
1570,4
1571,6
1572,5
1573,3
1574,2
1575,2
1576,8
1577,8
1578,1
1579,11
1580,5
1581,1
1582,1
1583,6
1584,4
1585,6
1586,5
1587,3
1588,2
1589,2
1590,8
1591,8
1592,1
1593,11
1594,15
1595,5
1596,1
1597,1
1598,6
1599,4
1600,6
1601,5
1602,3
1603,2
1604,2
1605,8
1606,8
1607,1
1608,11
1609,15
1610,1
1611,5
1612,1
1613,1
1614,6
1615,4
1616,6
1617,5
1618,3
1619,2
1620,2
1621,8
1622,8
1623,1
1624,11
1625,15
1626,1
1627,3
1628,5
1629,1
1630,1
1631,6
1632,4
1633,6
1634,5
1635,3
1636,2
1637,2
1638,8
1639,8
1640,1
1641,11
1642,15
1643,1
1644,3
1645,15
1646,5
1647,1
1648,1
1649,6
1650,4
1651,6
1652,5
1653,3
1654,2
1655,2
1656,8
1657,8
1658,1
1659,11
1660,15
1661,1
1662,3
1663,15
1664,4
1665,3
1666,10
1667,3
1668,13
1669,5
1670,13
1671,5
1672,15
1673,13
1674,5
1675,15
1676,5
1677,13
1678,5
1679,15
1680,5
1681,2
1682,13
1683,5
1684,15
1685,5
1686,2
1687,9
1688,13
1689,5
1690,15
1691,5
1692,2
1693,9
1694,6
1695,13
1696,5
1697,15
1698,5
1699,2
1700,9
1701,6
1702,6
1703,13
1704,5
1705,15
1706,5
1707,2
1708,9
1709,6
1710,6
1711,2
1712,13
1713,5
1714,15
1715,5
1716,2
1717,9
1718,6
1719,6
1720,2
1721,8
1722,13
1723,5
1724,15
1725,5
1726,2
1727,9
1728,6
1729,6
1730,2
1731,8
1732,19
1733,13
1734,5
1735,15
1736,5
1737,2
1738,9
1739,6
1740,6
1741,2
1742,8
1743,19
1744,4
1745,13
1746,5
1747,15
1748,5
1749,2
1750,9
1751,6
1752,6
1753,2
1754,8
1755,19
1756,4
1757,12
1758,13
1759,5
1760,15
1761,5
1762,2
1763,9
1764,6
1765,6
1766,2
1767,8
1768,19
1769,4
1770,12
1771,9
1772,13
1773,5
1774,15
1775,5
1776,2
1777,9
1778,6
1779,6
1780,2
1781,8
1782,19
1783,4
1784,12
1785,9
1786,31
1787,13
1788,5
1789,15
1790,5
1791,2
1792,9
1793,6
1794,6
1795,2
1796,8
1797,19
1798,4
1799,12
1800,9
1801,31
1802,4
1803,13
1804,5
1805,15
1806,5
1807,2
1808,9
1809,6
1810,6
1811,2
1812,8
1813,19
1814,4
1815,12
1816,9
1817,31
1818,4
1820,13
1821,5
1822,15
1823,5
1824,2
1825,9
1826,6
1827,6
1828,2
1829,8
1830,19
1831,4
1832,12
1833,9
1834,31
1835,4
1837,2
1838,13
1839,5
1840,15
1841,5
1842,2
1843,9
1844,6
1845,6
1846,2
1847,8
1848,19
1849,4
1850,12
1851,9
1852,31
1853,4
1855,2
1856,1
1857,8
1858,8
1859,5
1860,8
1861,5
1862,3
1863,8
1864,5
1865,3
1866,3
1867,8
1868,5
1869,3
1870,3
1871,23
1872,8
1873,5
1874,3
1875,3
1876,23
1877,9
1878,8
1879,5
1880,3
1881,3
1882,23
1883,9
1884,9
1885,8
1886,5
1887,3
1888,3
1889,23
1890,9
1891,9
1892,7
1893,8
1894,5
1895,3
1896,3
1897,23
1898,9
1899,9
1900,7
1901,17
1902,8
1903,5
1904,3
1905,3
1906,23
1907,9
1908,9
1909,7
1910,17
1911,7
1912,8
1913,5
1914,3
1915,3
1916,23
1917,9
1918,9
1919,7
1920,17
1921,7
1922,3
1923,8
1924,5
1925,3
1926,3
1927,23
1928,9
1929,9
1930,7
1931,17
1932,7
1933,3
1934,34
1935,8
1936,5
1937,3
1938,3
1939,23
1940,9
1941,9
1942,7
1943,17
1944,7
1945,3
1946,34
1947,9
1948,8
1949,5
1950,3
1951,3
1952,23
1953,9
1954,9
1955,7
1956,17
1957,7
1958,3
1959,34
1960,9
1961,2
1962,8
1963,5
1964,3
1965,3
1966,23
1967,9
1968,9
1969,7
1970,17
1971,7
1972,3
1973,34
1974,9
1975,2
1976,4
1977,8
1978,5
1979,3
1980,3
1981,23
1982,9
1983,9
1984,7
1985,17
1986,7
1987,3
1988,34
1989,9
1990,2
1991,4
1992,40
1993,8
1994,5
1995,3
1996,3
1997,23
1998,9
1999,9
2000,7
2001,17
2002,7
2003,3
2004,34
2005,9
2006,2
2007,4
2008,40
2009,8
2010,8
2011,5
2012,3
2013,3
2014,23
2015,9
2016,9
2017,7
2018,17
2019,7
2020,3
2021,34
2022,9
2023,2
2024,4
2025,40
2026,8
2027,7
2028,8
2029,5
2030,3
2031,3
2032,23
2033,9
2034,9
2035,7
2036,17
2037,7
2038,3
2039,34
2040,9
2041,2
2042,4
2043,40
2044,8
2045,7
2046,4
2047,8
2048,5
2049,3
2050,3
2051,23
2052,9
2053,9
2054,7
2055,17
2056,7
2057,3
2058,34
2059,9
2060,2
2061,4
2062,40
2063,8
2064,7
2065,4
2066,16
2067,24
2068,24
2069,7
2070,24
2071,7
2072,5
2073,24
2074,7
2075,5
2076,24
2077,7
2078,5
2079,2
2080,24
2081,7
2082,5
2083,2
2084,9
2085,24
2086,7
2087,5
2088,2
2089,9
2090,4
2091,24
2092,7
2093,5
2094,2
2095,9
2096,4
2097,21
2098,24
2099,7
2100,5
2101,2
2102,9
2103,4
2104,21
2105,1
2106,24
2107,7
2108,5
2109,2
2110,9
2111,4
2112,21
2113,1
2114,5
2115,24
2116,7
2117,5
2118,2
2119,9
2120,4
2121,21
2122,1
2123,5
2124,5
2125,24
2126,7
2127,5
2128,2
2129,9
2130,4
2131,21
2132,1
2133,5
2134,5
2135,7
2136,24
2137,7
2138,5
2139,2
2140,9
2141,4
2142,21
2143,1
2144,5
2145,5
2146,7
2147,1
2148,24
2149,7
2150,5
2151,2
2152,9
2153,4
2154,21
2155,1
2156,5
2157,5
2158,7
2159,1
2160,7
2161,24
2162,7
2163,5
2164,2
2165,9
2166,4
2167,21
2168,1
2169,5
2170,5
2171,7
2172,1
2173,7
2174,12
2175,24
2176,7
2177,5
2178,2
2179,9
2180,4
2181,21
2182,1
2183,5
2184,5
2185,7
2186,1
2187,7
2188,12
2189,3
2190,24
2191,7
2192,5
2193,2
2194,9
2195,4
2196,21
2197,1
2198,5
2199,5
2200,7
2201,1
2202,7
2203,12
2204,3
2205,1
2206,24
2207,7
2208,5
2209,2
2210,9
2211,4
2212,21
2213,1
2214,5
2215,5
2216,7
2217,1
2218,7
2219,12
2220,3
2221,1
2222,6
2223,24
2224,7
2225,5
2226,2
2227,9
2228,4
2229,21
2230,1
2231,5
2232,5
2233,7
2234,1
2235,7
2236,12
2237,3
2238,1
2239,6
2240,6
2241,24
2242,7
2243,5
2244,2
2245,9
2246,4
2247,21
2248,1
2249,5
2250,5
2251,7
2252,1
2253,7
2254,12
2255,3
2256,1
2257,6
2258,6
2259,13
2260,1
2261,1
2262,9
2263,1
2264,9
2265,5
2266,1
2267,9
2268,5
2269,33
2270,1
2271,9
2272,5
2273,33
2274,2
2275,1
2276,9
2277,5
2278,33
2279,2
2280,10
2281,1
2282,9
2283,5
2284,33
2285,2
2286,10
2287,12
2288,1
2289,9
2290,5
2291,33
2292,2
2293,10
2294,12
2295,1
2296,1
2297,9
2298,5
2299,33
2300,2
2301,10
2302,12
2303,1
2304,2
2305,1
2306,9
2307,5
2308,33
2309,2
2310,10
2311,12
2312,1
2313,2
2314,4
2315,1
2316,9
2317,5
2318,33
2319,2
2320,10
2321,12
2322,1
2323,2
2324,4
2325,3
2326,1
2327,9
2328,5
2329,33
2330,2
2331,10
2332,12
2333,1
2334,2
2335,4
2336,3
2337,11
2338,1
2339,9
2340,5
2341,33
2342,2
2343,10
2344,12
2345,1
2346,2
2347,4
2348,3
2349,11
2350,24
2351,1
2352,9
2353,5
2354,33
2355,2
2356,10
2357,12
2358,1
2359,2
2360,4
2361,3
2362,11
2363,24
2364,3
2365,1
2366,9
2367,5
2368,33
2369,2
2370,10
2371,12
2372,1
2373,2
2374,4
2375,3
2376,11
2377,24
2378,3
2379,4
2380,1
2381,9
2382,5
2383,33
2384,2
2385,10
2386,12
2387,1
2388,2
2389,4
2390,3
2391,11
2392,24
2393,3
2394,4
2395,2
2396,1
2397,9
2398,5
2399,33
2400,2
2401,10
2402,12
2403,1
2404,2
2405,4
2406,3
2407,11
2408,24
2409,3
2410,4
2411,2
2412,20
2413,1
2414,9
2415,5
2416,33
2417,2
2418,10
2419,12
2420,1
2421,2
2422,4
2423,3
2424,11
2425,24
2426,3
2427,4
2428,2
2429,20
2430,14
2431,1
2432,9
2433,5
2434,33
2435,2
2436,10
2437,12
2438,1
2439,2
2440,4
2441,3
2442,11
2443,24
2444,3
2445,4
2446,2
2447,20
2448,14
2449,36
2450,1
2451,9
2452,5
2453,33
2454,2
2455,10
2456,12
2457,1
2458,2
2459,4
2460,3
2461,11
2462,24
2463,3
2464,4
2465,2
2466,20
2467,14
2468,36
2469,5
2470,12
2471,2
2472,1
2473,15
2474,6
2475,15
2476,6
2477,10
2478,15
2479,6
2480,10
2481,14
2482,15
2483,6
2484,10
2485,14
2486,3
2487,15
2488,6
2489,10
2490,14
2491,3
2492,5
2493,15
2494,6
2495,10
2496,14
2497,3
2498,5
2499,10
2500,15
2501,6
2502,10
2503,14
2504,3
2505,5
2506,10
2507,10
2508,15
2509,6
2510,10
2511,14
2512,3
2513,5
2514,10
2515,10
2516,9
2517,15
2518,6
2519,10
2520,14
2521,3
2522,5
2523,10
2524,10
2525,9
2526,2
2527,15
2528,6
2529,10
2530,14
2531,3
2532,5
2533,10
2534,10
2535,9
2536,2
2537,7
2538,15
2539,6
2540,10
2541,14
2542,3
2543,5
2544,10
2545,10
2546,9
2547,2
2548,7
2549,3
2550,15
2551,6
2552,10
2553,14
2554,3
2555,5
2556,10
2557,10
2558,9
2559,2
2560,7
2561,3
2562,3
2563,15
2564,6
2565,10
2566,14
2567,3
2568,5
2569,10
2570,10
2571,9
2572,2
2573,7
2574,3
2575,3
2576,10
2577,15
2578,6
2579,10
2580,14
2581,3
2582,5
2583,10
2584,10
2585,9
2586,2
2587,7
2588,3
2589,3
2590,10
2591,8
2592,15
2593,6
2594,10
2595,14
2596,3
2597,5
2598,10
2599,10
2600,9
2601,2
2602,7
2603,3
2604,3
2605,10
2606,8
2607,4
2608,15
2609,6
2610,10
2611,14
2612,3
2613,5
2614,10
2615,10
2616,9
2617,2
2618,7
2619,3
2620,3
2621,10
2622,8
2623,4
2624,15
2625,6
2626,10
2627,14
2628,3
2629,5
2630,10
2631,10
2632,9
2633,2
2634,7
2635,3
2636,3
2637,10
2638,8
2639,4
2640,10
2641,15
2642,6
2643,10
2644,14
2645,3
2646,5
2647,10
2648,10
2649,9
2650,2
2651,7
2652,3
2653,3
2654,10
2655,8
2656,4
2657,10
2658,3
2659,15
2660,6
2661,10
2662,14
2663,3
2664,5
2665,10
2666,10
2667,9
2668,2
2669,7
2670,3
2671,3
2672,10
2673,8
2674,4
2675,10
2676,3
2677,1
2678,1
2679,1
2680,8
2681,1
2682,8
2683,14
2684,1
2685,8
2686,14
2687,15
2688,1
2689,8
2690,14
2691,15
2692,46
2693,1
2694,8
2695,14
2696,15
2697,46
2698,7
2699,1
2700,8
2701,14
2702,15
2703,46
2704,7
2705,6
2706,1
2707,8
2708,14
2709,15
2710,46
2711,7
2712,6
2713,5
2714,1
2715,8
2716,14
2717,15
2718,46
2719,7
2720,6
2721,5
2722,12
2723,1
2724,8
2725,14
2726,15
2727,46
2728,7
2729,6
2730,5
2731,12
2732,22
2733,1
2734,8
2735,14
2736,15
2737,46
2738,7
2739,6
2740,5
2741,12
2742,22
2743,2
2744,1
2745,8
2746,14
2747,15
2748,46
2749,7
2750,6
2751,5
2752,12
2753,22
2754,2
2755,1
2756,8
2757,14
2758,15
2759,46
2760,7
2761,6
2762,5
2763,12
2764,22
2765,2
2766,9
2767,1
2768,8
2769,14
2770,15
2771,46
2772,7
2773,6
2774,5
2775,12
2776,22
2777,2
2778,9
2779,8
2780,1
2781,8
2782,14
2783,15
2784,46
2785,7
2786,6
2787,5
2788,12
2789,22
2790,2
2791,9
2792,8
2793,9
2794,1
2795,8
2796,14
2797,15
2798,46
2799,7
2800,6
2801,5
2802,12
2803,22
2804,2
2805,9
2806,8
2807,9
2808,1
2809,1
2810,8
2811,14
2812,15
2813,46
2814,7
2815,6
2816,5
2817,12
2818,22
2819,2
2820,9
2821,8
2822,9
2823,1
2824,12
2825,1
2826,8
2827,14
2828,15
2829,46
2830,7
2831,6
2832,5
2833,12
2834,22
2835,2
2836,9
2837,8
2838,9
2839,1
2840,12
2841,5
2842,1
2843,8
2844,14
2845,15
2846,46
2847,7
2848,6
2849,5
2850,12
2851,22
2852,2
2853,9
2854,8
2855,9
2856,1
2857,12
2858,5
2859,7
2860,1
2861,8
2862,14
2863,15
2864,46
2865,7
2866,6
2867,5
2868,12
2869,22
2870,2
2871,9
2872,8
2873,9
2874,1
2875,12
2876,5
2877,7
2878,12
2879,1
2880,1
2881,1
2882,11
2883,1
2884,11
2885,1
2886,1
2887,11
2888,1
2889,1
2890,11
2891,1
2892,9
2893,1
2894,11
2895,1
2896,9
2897,7
2898,1
2899,11
2900,1
2901,9
2902,7
2903,2
2904,1
2905,11
2906,1
2907,9
2908,7
2909,2
2910,1
2911,1
2912,11
2913,1
2914,9
2915,7
2916,2
2917,1
2918,15
2919,1
2920,11
2921,1
2922,9
2923,7
2924,2
2925,1
2926,15
2927,10
2928,1
2929,11
2930,1
2931,9
2932,7
2933,2
2934,1
2935,15
2936,10
2937,4
2938,1
2939,11
2940,1
2941,9
2942,7
2943,2
2944,1
2945,15
2946,10
2947,4
2948,10
2949,1
2950,11
2951,1
2952,9
2953,7
2954,2
2955,1
2956,15
2957,10
2958,4
2959,10
2960,4
2961,1
2962,11
2963,1
2964,9
2965,7
2966,2
2967,1
2968,15
2969,10
2970,4
2971,10
2972,4
2973,14
2974,1
2975,11
2976,1
2977,9
2978,7
2979,2
2980,1
2981,15
2982,10
2983,4
2984,10
2985,4
2986,14
2987,6
2988,1
2989,11
2990,1
2991,9
2992,7
2993,2
2994,1
2995,15
2996,10
2997,4
2998,10
2999,4
3000,14
3001,6
3002,7
3003,1
3004,11
3005,1
3006,9
3007,7
3008,2
3009,1
3010,15
3011,10
3012,4
3013,10
3014,4
3015,14
3016,6
3017,7
3018,15
3019,1
3020,11
3021,1
3022,9
3023,7
3024,2
3025,1
3026,15
3027,10
3028,4
3029,10
3030,4
3031,14
3032,6
3033,7
3034,15
3035,15
3036,1
3037,11
3038,1
3039,9
3040,7
3041,2
3042,1
3043,15
3044,10
3045,4
3046,10
3047,4
3048,14
3049,6
3050,7
3051,15
3052,15
3053,15
3054,48
3055,48
3056,29
3057,48
3058,29
3059,2
3060,48
3061,29
3062,2
3063,5
3064,48
3065,29
3066,2
3067,5
3068,12
3069,48
3070,29
3071,2
3072,5
3073,12
3074,2
3075,48
3076,29
3077,2
3078,5
3079,12
3080,2
3081,27
3082,48
3083,29
3084,2
3085,5
3086,12
3087,2
3088,27
3089,7
3090,48
3091,29
3092,2
3093,5
3094,12
3095,2
3096,27
3097,7
3098,14
3099,48
3100,29
3101,2
3102,5
3103,12
3104,2
3105,27
3106,7
3107,14
3108,35
3109,48
3110,29
3111,2
3112,5
3113,12
3114,2
3115,27
3116,7
3117,14
3118,35
3119,30
3120,48
3121,29
3122,2
3123,5
3124,12
3125,2
3126,27
3127,7
3128,14
3129,35
3130,30
3131,10
3132,48
3133,29
3134,2
3135,5
3136,12
3137,2
3138,27
3139,7
3140,14
3141,35
3142,30
3143,10
3144,26
3145,48
3146,29
3147,2
3148,5
3149,12
3150,2
3151,27
3152,7
3153,14
3154,35
3155,30
3156,10
3157,26
3158,28
3159,48
3160,29
3161,2
3162,5
3163,12
3164,2
3165,27
3166,7
3167,14
3168,35
3169,30
3170,10
3171,26
3172,28
3173,33
3174,48
3175,29
3176,2
3177,5
3178,12
3179,2
3180,27
3181,7
3182,14
3183,35
3184,30
3185,10
3186,26
3187,28
3188,33
3189,28
3190,48
3191,29
3192,2
3193,5
3194,12
3195,2
3196,27
3197,7
3198,14
3199,35
3200,30
3201,10
3202,26
3203,28
3204,33
3205,28
3206,5
3207,48
3208,29
3209,2
3210,5
3211,12
3212,2
3213,27
3214,7
3215,14
3216,35
3217,30
3218,10
3219,26
3220,28
3221,33
3222,28
3223,5
3224,6
3225,48
3226,29
3227,2
3228,5
3229,12
3230,2
3231,27
3232,7
3233,14
3234,35
3235,30
3236,10
3237,26
3238,28
3239,33
3240,28
3241,5
3242,6
3243,5
3244,48
3245,29
3246,2
3247,5
3248,12
3249,2
3250,27
3251,7
3252,14
3253,35
3254,30
3255,10
3256,26
3257,28
3258,33
3259,28
3260,5
3261,6
3262,5
3263,9
3264,9
3265,9
3266,17
3267,9
3268,17
3269,1
3270,9
3271,17
3272,1
3273,2
3274,9
3275,17
3276,1
3277,2
3278,1
3279,9
3280,17
3281,1
3282,2
3283,1
3284,5
3285,9
3286,17
3287,1
3288,2
3289,1
3290,5
3291,74
3292,9
3293,17
3294,1
3295,2
3296,1
3297,5
3298,74
3299,6
3300,9
3301,17
3302,1
3303,2
3304,1
3305,5
3306,74
3307,6
3308,4
3309,9
3310,17
3311,1
3312,2
3313,1
3314,5
3315,74
3316,6
3317,4
3318,9
3319,17
3320,1
3321,2
3322,1
3323,5
3324,74
3325,6
3326,4
3327,1
3328,9
3329,17
3330,1
3331,2
3332,1
3333,5
3334,74
3335,6
3336,4
3337,1
3338,13
3339,9
3340,17
3341,1
3342,2
3343,1
3344,5
3345,74
3346,6
3347,4
3348,1
3349,13
3350,6
3351,9
3352,17
3353,1
3354,2
3355,1
3356,5
3357,74
3358,6
3359,4
3360,1
3361,13
3362,6
3363,4
3364,9
3365,17
3366,1
3367,2
3368,1
3369,5
3370,74
3371,6
3372,4
3373,1
3374,13
3375,6
3376,4
3377,1
3378,9
3379,17
3380,1
3381,2
3382,1
3383,5
3384,74
3385,6
3386,4
3387,1
3388,13
3389,6
3390,4
3391,1
3392,2
3393,9
3394,17
3395,1
3396,2
3397,1
3398,5
3399,74
3400,6
3401,4
3402,1
3403,13
3404,6
3405,4
3406,1
3407,2
3408,3
3409,9
3410,17
3411,1
3412,2
3413,1
3414,5
3415,74
3416,6
3417,4
3418,1
3419,13
3420,6
3421,4
3422,1
3423,2
3424,3
3425,12
3426,9
3427,17
3428,1
3429,2
3430,1
3431,5
3432,74
3433,6
3434,4
3435,1
3436,13
3437,6
3438,4
3439,1
3440,2
3441,3
3442,12
3443,2
3444,9
3445,17
3446,1
3447,2
3448,1
3449,5
3450,74
3451,6
3452,4
3453,1
3454,13
3455,6
3456,4
3457,1
3458,2
3459,3
3460,12
3461,2
3462,13
3463,5
3464,5
3465,6
3466,5
3467,6
3468,2
3469,5
3470,6
3471,2
3472,3
3473,5
3474,6
3475,2
3476,3
3477,3
3478,5
3479,6
3480,2
3481,3
3482,3
3483,12
3484,5
3485,6
3486,2
3487,3
3488,3
3489,12
3490,4
3491,5
3492,6
3493,2
3494,3
3495,3
3496,12
3497,4
3498,5
