Hai,8.163086,0.022581779873463503
baap,8.170751,0.022602983783691827
bahadur,8.167352,0.022593581032111124
yar,8.163656,0.022583356680877742
acquitted,8.161660,0.022577835088599108
banna,8.162231,0.022579414662342145
impressive,8.163656,0.022583356680877742
krishna,8.161660,0.022577835088599108
Tak,8.162801,0.022580991469756385
Budhe,8.165364,0.02258808157046287
/\u003eIndia,8.164226,0.02258493348829198
K,8.161946,0.022578626258635028
762,8.162516,0.022580203066049267
koh,8.161090,0.02257625828118487
Literally,8.165364,0.02258808157046287
diya,8.168770,0.02259750368634515
entry,8.161090,0.02257625828118487
naser,8.161090,0.02257625828118487
Sequencing,8.165648,0.022588867207841187
rhe,8.163371,0.022582568277170624
bna,8.165932,0.022589652845219514
Rahi,8.162231,0.022579414662342145
Even,8.165648,0.022588867207841187
chezon,8.165079,0.02258729316675575
bnda,8.163656,0.022583356680877742
minds,8.164795,0.022586507529377426
father\u0026#39,8.164226,0.02258493348829198
hoti,8.165648,0.022588867207841187
nai,8.165648,0.022588867207841187
pe,8.171034,0.022603766654741356
victim,8.165932,0.022589652845219514
dene,8.163371,0.022582568277170624
Editing,8.165648,0.022588867207841187
kisi,8.167352,0.022593581032111124
mean,8.161660,0.022577835088599108
churaya,8.162231,0.022579414662342145
well,8.169903,0.02260063793687205
cause,8.164226,0.02258493348829198
duniya,8.160804,0.022575467111148953
cant,8.162801,0.022580991469756385
dena,8.167068,0.022592795394732808
/\u003eCriminality,8.164226,0.02258493348829198
cow,8.165079,0.02258729316675575
faltu,8.170186,0.022601420807921574
dear,8.165648,0.022588867207841187
mila,8.163941,0.022584145084584863
work,8.160518,0.022574675941113034
chnge,8.162516,0.022580203066049267
khuchi,8.160804,0.022575467111148953
analyze,8.165079,0.02258729316675575
role,8.174703,0.02261391631509722
Gonda,8.161660,0.022577835088599108
Bad,8.164795,0.022586507529377426
shathi,8.163656,0.022583356680877742
Ajeeb,8.161660,0.022577835088599108
chup,8.160804,0.022575467111148953
amjads,8.165079,0.02258729316675575
chonny,8.163656,0.022583356680877742
00\u003c/a\u003e,8.162516,0.022580203066049267
Shockingggg,8.161375,0.022577046684891987
seven,8.161946,0.022578626258635028
sara,8.161090,0.02257625828118487
sale,8.161090,0.02257625828118487
creation,8.165648,0.022588867207841187
can\u0026#39,8.165932,0.022589652845219514
chillaya,8.162231,0.022579414662342145
karonga,8.163941,0.022584145084584863
chamar,8.161090,0.02257625828118487
chaie,8.168486,0.022596718048966825
abe,8.161090,0.02257625828118487
Plz,8.162801,0.022580991469756385
sharda,8.161660,0.022577835088599108
DMLT,8.165079,0.02258729316675575
huwa,8.160518,0.022574675941113034
thinking,8.168486,0.022596718048966825
variety,8.163371,0.022582568277170624
n,8.166500,0.022591224119976158
rewatch,8.162801,0.022580991469756385
know,8.167068,0.022592795394732808
NEW,8.161375,0.022577046684891987
blood,8.165648,0.022588867207841187
bhout,8.161090,0.02257625828118487
JAB,8.161946,0.022578626258635028
chlo,8.165364,0.02258808157046287
Sanjeev,8.168203,0.0225959351779173
PRAAN,8.161946,0.022578626258635028
chutiya,8.177235,0.022620920659611
/\u003eC,8.161660,0.022577835088599108
pyaar,8.167636,0.02259436666948945
dhoka,8.165364,0.02258808157046287
Kar,8.162801,0.022580991469756385
tare,8.162516,0.022580203066049267
thanks,8.164510,0.022585719125670305
/\u003eGanesh,8.162516,0.022580203066049267
kamina,8.166784,0.02259200975735448
little,8.160518,0.022574675941113034
extramarital,8.164226,0.02258493348829198
80\u0026#39,8.161946,0.022578626258635028
hotain,8.161090,0.02257625828118487
Aisi,8.165932,0.022589652845219514
merzi,8.163656,0.022583356680877742
/\u003etobaaaa,8.163656,0.022583356680877742
hats,8.161090,0.02257625828118487
badi,8.165648,0.022588867207841187
jaldi,8.162231,0.022579414662342145
dari,8.160804,0.022575467111148953
hostel,8.165079,0.02258729316675575
got,8.171599,0.022605329630511612
Bhankare,8.162516,0.022580203066049267
states,8.163086,0.022581779873463503
nowadays,8.160804,0.022575467111148953
baki,8.164795,0.022586507529377426
shanu,8.161660,0.022577835088599108
apart,8.165932,0.022589652845219514
GNM,8.165079,0.02258729316675575
Yaar,8.161375,0.022577046684891987
maloom,8.162516,0.022580203066049267
B,8.161660,0.022577835088599108
Dhakan,8.161946,0.022578626258635028
Samja,8.161946,0.022578626258635028
For,8.167636,0.02259436666948945
dete,8.160518,0.022574675941113034
sex,8.170469,0.022602203678971103
han,8.161946,0.022578626258635028
goli,8.161090,0.02257625828118487
cp,8.164226,0.02258493348829198
2%,8.164795,0.022586507529377426
tapar,8.161660,0.022577835088599108
Marnay,8.164795,0.022586507529377426
done\u0026#39,8.161946,0.022578626258635028
shaheem,8.160804,0.022575467111148953
sisters,8.163941,0.022584145084584863
hiiiii,8.165932,0.022589652845219514
crimpetrol,8.163941,0.022584145084584863
shit,8.161946,0.022578626258635028
far,8.161375,0.022577046684891987
Love,8.165364,0.02258808157046287
shown,8.160518,0.022574675941113034
ever,8.170469,0.022602203678971103
carried,8.165648,0.022588867207841187
Pakistani,8.164795,0.022586507529377426
bhejo,8.164226,0.02258493348829198
chakr,8.165932,0.022589652845219514
tone,8.165648,0.022588867207841187
True,8.162801,0.022580991469756385
Bajay,8.162231,0.022579414662342145
en,8.165079,0.02258729316675575
Fasi,8.162231,0.022579414662342145
home,8.165648,0.022588867207841187
job,8.167352,0.022593581032111124
stop,8.167636,0.02259436666948945
roles,8.161375,0.022577046684891987
Sach,8.163086,0.022581779873463503
intresting,8.161090,0.02257625828118487
Lord,8.164226,0.02258493348829198
nikla@,8.165932,0.022589652845219514
Jisne,8.160804,0.022575467111148953
Paiso,8.162801,0.022580991469756385
watch,8.166216,0.022590438482597838
rival,8.161660,0.022577835088599108
kg,8.163371,0.022582568277170624
shiv8172,8.161375,0.022577046684891987
evil,8.165648,0.022588867207841187
twist,8.168486,0.022596718048966825
YouTube,8.165364,0.02258808157046287
Really,8.161946,0.022578626258635028
bad,8.169336,0.0225990694284442
took,8.162801,0.022580991469756385
zindagi,8.167636,0.02259436666948945
hay,8.169053,0.022598286557394674
haq,8.163656,0.022583356680877742
frequently,8.162516,0.022580203066049267
nkl,8.165079,0.02258729316675575
called,8.162801,0.022580991469756385
500,8.165364,0.02258808157046287
Maar,8.165364,0.02258808157046287
pitt,8.161946,0.022578626258635028
kro,8.165648,0.022588867207841187
Bakwas,8.165932,0.022589652845219514
huye,8.164795,0.022586507529377426
dailoge,8.160804,0.022575467111148953
chaudleta,8.165932,0.022589652845219514
mardia,8.160518,0.022574675941113034
contact,8.167919,0.022595149540538977
mine,8.161660,0.022577835088599108
kam,8.166216,0.022590438482597838
isn\u0026#39,8.160804,0.022575467111148953
marna,8.161660,0.022577835088599108
MAN,8.163371,0.022582568277170624
KO,8.163086,0.022581779873463503
t=31m16s\\u003e31,8.164226,0.02258493348829198
lodu,8.162801,0.022580991469756385
WHAT,8.163371,0.022582568277170624
request,8.167919,0.022595149540538977
mousi,8.161946,0.022578626258635028
Liye,8.162801,0.022580991469756385
Chal,8.165364,0.02258808157046287
karta,8.161946,0.022578626258635028
two,8.164795,0.022586507529377426
/\u003eto,8.160804,0.022575467111148953
somiya,8.165079,0.02258729316675575
requires,8.164226,0.02258493348829198
house,8.164226,0.02258493348829198
notice,8.168203,0.0225959351779173
logo,8.170469,0.022602203678971103
bili,8.163941,0.022584145084584863
ladkiyo,8.161090,0.02257625828118487
choti,8.165364,0.02258808157046287
conversation,8.161660,0.022577835088599108
Sick,8.163371,0.022582568277170624
needs,8.164226,0.02258493348829198
cameraman,8.163656,0.022583356680877742
/\u003eSANJEEV,8.160518,0.022574675941113034
DPHARMACY,8.165079,0.02258729316675575
/\u003e\u003cbr,8.179760,0.0226279056398232
milty,8.160804,0.022575467111148953
place,8.165648,0.022588867207841187
/\u003eQanoon,8.161660,0.022577835088599108
bana,8.167068,0.022592795394732808
rupees,8.162801,0.022580991469756385
kutta,8.163656,0.022583356680877742
mere,8.160518,0.022574675941113034
another,8.168486,0.022596718048966825
plzzzzz,8.164795,0.022586507529377426
pakde,8.161660,0.022577835088599108
LOG,8.162516,0.022580203066049267
bajaru,8.162516,0.022580203066049267
elwa,8.165079,0.02258729316675575
dying,8.164795,0.022586507529377426
sake,8.164795,0.022586507529377426
advertisement,8.165364,0.02258808157046287
mardina,8.161946,0.022578626258635028
kaam,8.161946,0.022578626258635028
Am,8.163941,0.022584145084584863
pyaas,8.163941,0.022584145084584863
presentation,8.163656,0.022583356680877742
hui,8.163656,0.022583356680877742
bharosa,8.167352,0.022593581032111124
petrol,8.168486,0.022596718048966825
q=%23CP\\u003e#CP\u003c/a\u003e,8.162801,0.022580991469756385
sach,8.163656,0.022583356680877742
cell,8.164795,0.022586507529377426
number,8.164795,0.022586507529377426
Music,8.163941,0.022584145084584863
entered,8.161946,0.022578626258635028
\u003ca,8.175829,0.022617031201322545
ANM,8.165079,0.02258729316675575
toba,8.163086,0.022581779873463503
gaand,8.169903,0.02260063793687205
touchy,8.162801,0.022580991469756385
pls,8.167352,0.022593581032111124
embodiment,8.164226,0.02258493348829198
Swamy,8.164226,0.02258493348829198
ne,8.178358,0.02262402724684993
zabardast,8.168203,0.0225959351779173
planned,8.165648,0.022588867207841187
Why,8.165932,0.022589652845219514
pulic,8.161375,0.022577046684891987
BHAI,8.161946,0.022578626258635028
kill,8.161660,0.022577835088599108
bloody,8.166500,0.022591224119976158
aap,8.162516,0.022580203066049267
Picture,8.165648,0.022588867207841187
movie,8.166500,0.022591224119976158
criminal,8.165932,0.022589652845219514
wish,8.162516,0.022580203066049267
kilo,8.161660,0.022577835088599108
Brutal,8.163656,0.022583356680877742
nasir,8.160518,0.022574675941113034
Tamasha,8.161660,0.022577835088599108
chakkar,8.160804,0.022575467111148953
jaane,8.161090,0.02257625828118487
form,8.162801,0.022580991469756385
probably,8.165648,0.022588867207841187
Aur,8.163656,0.022583356680877742
/\u003eLol,8.162801,0.022580991469756385
ladkiyon,8.161946,0.022578626258635028
Which,8.164795,0.022586507529377426
result,8.164226,0.02258493348829198
usase,8.164795,0.022586507529377426
/\u003epar,8.161660,0.022577835088599108
sticker,8.164226,0.02258493348829198
acche,8.160518,0.022574675941113034
times,8.162801,0.022580991469756385
paper,8.162801,0.022580991469756385
karleta,8.165932,0.022589652845219514
last,8.162801,0.022580991469756385
mardo,8.160518,0.022574675941113034
said,8.161660,0.022577835088599108
rich,8.163656,0.022583356680877742
years,8.169620,0.022599855065822523
Kya,8.165932,0.022589652845219514
Gand,8.164226,0.02258493348829198
causing,8.164226,0.02258493348829198
/\u003eCrime,8.164795,0.022586507529377426
need,8.163086,0.022581779873463503
Men,8.165648,0.022588867207841187
entire,8.165364,0.02258808157046287
his/her,8.164795,0.022586507529377426
aanda,8.161660,0.022577835088599108
auraat,8.171034,0.022603766654741356
chorahe,8.160804,0.022575467111148953
Aaj,8.165364,0.02258808157046287
haram,8.162801,0.022580991469756385
Class,8.163941,0.022584145084584863
total,8.162516,0.022580203066049267
Madad,8.162231,0.022579414662342145
bombay,8.163371,0.022582568277170624
hire,8.165079,0.02258729316675575
terribly,8.163086,0.022581779873463503
hmara,8.160804,0.022575467111148953
yaar@,8.161090,0.02257625828118487
wapas,8.168486,0.022596718048966825
kuch,8.172447,0.02260767547733139
Mahenat,8.162231,0.022579414662342145
immediate,8.161090,0.02257625828118487
Khawo,8.162231,0.022579414662342145
majboor,8.163086,0.022581779873463503
nisar,8.166784,0.02259200975735448
pasha,8.164795,0.022586507529377426
combinado,8.164510,0.022585719125670305
Sharma,8.163086,0.022581779873463503
innocent,8.165079,0.02258729316675575
dannewad,8.164226,0.02258493348829198
Aarti,8.164795,0.022586507529377426
diye,8.164795,0.022586507529377426
Bichari,8.162231,0.022579414662342145
/\u003erahay,8.166216,0.022590438482597838
shoved,8.165648,0.022588867207841187
Kapil,8.163086,0.022581779873463503
Ravinder,8.165648,0.022588867207841187
\u003cb\u003e***\u003c/b\u003e,8.163941,0.022584145084584863
Nam,8.164795,0.022586507529377426
belly,8.165648,0.022588867207841187
hang,8.164226,0.02258493348829198
bura,8.165932,0.022589652845219514
Kay,8.164795,0.022586507529377426
characters,8.161660,0.022577835088599108
bar,8.169053,0.022598286557394674
mom,8.165648,0.022588867207841187
actresses,8.162801,0.022580991469756385
izzat,8.160804,0.022575467111148953
khumaria,8.165364,0.02258808157046287
mariage,8.163086,0.022581779873463503
aye,8.163656,0.022583356680877742
directions,8.163656,0.022583356680877742
button,8.163371,0.022582568277170624
thaper,8.164510,0.022585719125670305
acts,8.164226,0.02258493348829198
gai,8.160804,0.022575467111148953
nahi,8.172729,0.02260845558205212
daughter,8.172729,0.02260845558205212
Thi,8.162231,0.022579414662342145
DIRECTOR,8.163371,0.022582568277170624
Officer,8.163371,0.022582568277170624
normal,8.161375,0.022577046684891987
husband,8.161660,0.022577835088599108
rha,8.160804,0.022575467111148953
participating,8.161660,0.022577835088599108
awesome,8.174139,0.022612356105655766
neither,8.164795,0.022586507529377426
mdrchod,8.165364,0.02258808157046287
HAI,8.161946,0.022578626258635028
removed,8.165648,0.022588867207841187
Muslim,8.164795,0.022586507529377426
Sikha,8.160518,0.022574675941113034
thats,8.165648,0.022588867207841187
pehly,8.162801,0.022580991469756385
happens,8.161375,0.022577046684891987
ser,8.164510,0.022585719125670305
dekhni,8.163371,0.022582568277170624
href=\http,8.178077,0.022623249908458
Ganjesh\u0026#39,8.163941,0.022584145084584863
say,8.171882,0.022606112501561137
hn,8.167636,0.02259436666948945
freeman,8.161946,0.022578626258635028
worship,8.162516,0.022580203066049267
Suspens,8.165648,0.022588867207841187
young,8.164795,0.022586507529377426
Shamshad,8.163371,0.022582568277170624
jewan,8.163656,0.022583356680877742
gyi,8.163371,0.022582568277170624
je,8.162231,0.022579414662342145
amazing,8.169336,0.0225990694284442
The,8.161375,0.022577046684891987
oppose,8.165648,0.022588867207841187
v=ShQrBSt9K5A\u0026amp,8.165079,0.02258729316675575
ending,8.165648,0.022588867207841187
jaati,8.164795,0.022586507529377426
/\u003eplease,8.165648,0.022588867207841187
samajh,8.163941,0.022584145084584863
ati,8.169053,0.022598286557394674
motivational,8.161090,0.02257625828118487
/\u003e\u0026quot,8.164226,0.02258493348829198
jati,8.165079,0.02258729316675575
year,8.160518,0.022574675941113034
mil,8.160804,0.022575467111148953
rite,8.160804,0.022575467111148953
Evil,8.165648,0.022588867207841187
India\u0026#39,8.165648,0.022588867207841187
bakwas,8.173011,0.022609235686772852
/\u003eReal,8.161660,0.022577835088599108
leading,8.164795,0.022586507529377426
ruled,8.163086,0.022581779873463503
Bhi,8.162801,0.022580991469756385
illiterate,8.163086,0.022581779873463503
chum,8.161660,0.022577835088599108
Khan,8.164510,0.022585719125670305
DUMB,8.161090,0.02257625828118487
mind,8.164795,0.022586507529377426
/\u003ein,8.163086,0.022581779873463503
Thanks,8.162801,0.022580991469756385
morgan,8.161946,0.022578626258635028
Woh,8.162801,0.022580991469756385
aisi,8.165648,0.022588867207841187
aj,8.161375,0.022577046684891987
felt,8.165648,0.022588867207841187
asshish,8.164510,0.022585719125670305
kind,8.169903,0.02260063793687205
welfare,8.164226,0.02258493348829198
T,8.165079,0.02258729316675575
chohd,8.165079,0.02258729316675575
kitna,8.164510,0.022585719125670305
tor,8.162516,0.022580203066049267
pesa,8.164510,0.022585719125670305
dixit,8.160804,0.022575467111148953
ray,8.165364,0.02258808157046287
shakil,8.164510,0.022585719125670305
ek,8.166216,0.022590438482597838
aya,8.162231,0.022579414662342145
hayn,8.162516,0.022580203066049267
women,8.165932,0.022589652845219514
bahuthhi,8.165932,0.022589652845219514
usk,8.165079,0.02258729316675575
dhamkiya,8.161090,0.02257625828118487
animal,8.165932,0.022589652845219514
liye,8.167068,0.022592795394732808
marriages,8.165648,0.022588867207841187
Gandu,8.162516,0.022580203066049267
Tyagi,8.168203,0.0225959351779173
kothi,8.162516,0.022580203066049267
wont,8.165648,0.022588867207841187
saheem,8.164510,0.022585719125670305
cid,8.164795,0.022586507529377426
nafisa,8.160804,0.022575467111148953
In,8.166216,0.022590438482597838
mai,8.168486,0.022596718048966825
shed,8.165648,0.022588867207841187
Kutte,8.162231,0.022579414662342145
\u0026amp,8.165079,0.02258729316675575
lrki,8.165364,0.02258808157046287
DIRECTION,8.163371,0.022582568277170624
bhenchodo,8.164795,0.022586507529377426
dont,8.163371,0.022582568277170624
NISAR,8.161090,0.02257625828118487
ker,8.171317,0.02260454952579088
direction,8.165648,0.022588867207841187
criminality,8.164226,0.02258493348829198
days,8.163371,0.022582568277170624
v=c4W8JdzY8Cc\u0026amp,8.163941,0.022584145084584863
It\u0026#39,8.160518,0.022574675941113034
kahi,8.161946,0.022578626258635028
Sakti,8.162801,0.022580991469756385
sorry,8.165932,0.022589652845219514
So,8.164226,0.02258493348829198
krne,8.160518,0.022574675941113034
ethics,8.164795,0.022586507529377426
single,8.162516,0.022580203066049267
jobs,8.165648,0.022588867207841187
rooted,8.164226,0.02258493348829198
shadi,8.160804,0.022575467111148953
People,8.165648,0.022588867207841187
awr,8.162516,0.022580203066049267
sirrrrr,8.161090,0.02257625828118487
Kotian,8.170186,0.022601420807921574
kr,8.174421,0.022613136210376496
mat,8.165648,0.022588867207841187
marty,8.162801,0.022580991469756385
allowed,8.163086,0.022581779873463503
Mr,8.160804,0.022575467111148953
90%,8.164226,0.02258493348829198
Worst,8.161660,0.022577835088599108
ISWAR,8.161375,0.022577046684891987
/\u003eKya,8.164795,0.022586507529377426
shot,8.160518,0.022574675941113034
hashmi,8.164795,0.022586507529377426
fayyaz,8.162516,0.022580203066049267
KAR,8.161946,0.022578626258635028
strike,8.161090,0.02257625828118487
jalebe,8.164226,0.02258493348829198
dekhte,8.165648,0.022588867207841187
gandi,8.163086,0.022581779873463503
dekhta,8.165079,0.02258729316675575
okaaaaa,8.165079,0.02258729316675575
Bangladesh,8.163086,0.022581779873463503
something,8.163086,0.022581779873463503
Hahaha,8.162801,0.022580991469756385
thy,8.160804,0.022575467111148953
t=35m00s\\u003e35,8.162516,0.022580203066049267
costuma,8.164510,0.022585719125670305
varenda,8.164795,0.022586507529377426
Specialy,8.163086,0.022581779873463503
ALWAYS,8.161090,0.02257625828118487
WHO,8.165079,0.02258729316675575
anp,8.162801,0.022580991469756385
poor,8.168203,0.0225959351779173
Asli,8.161660,0.022577835088599108
jot,8.161660,0.022577835088599108
comments,8.161090,0.02257625828118487
Leadar,8.164795,0.022586507529377426
ladiokio,8.165648,0.022588867207841187
salute,8.165932,0.022589652845219514
countries,8.165932,0.022589652845219514
happy,8.173575,0.022610795896214307
Murder,8.165648,0.022588867207841187
YOU,8.163371,0.022582568277170624
Balatkario,8.162231,0.022579414662342145
tailors,8.165079,0.02258729316675575
paramedical,8.165079,0.02258729316675575
paise,8.164795,0.022586507529377426
Rohan\u0026#39,8.161375,0.022577046684891987
wrong,8.165648,0.022588867207841187
gira,8.165932,0.022589652845219514
What,8.164795,0.022586507529377426
Indeed,8.163656,0.022583356680877742
Don\u0026#39,8.163941,0.022584145084584863
haha,8.163371,0.022582568277170624
really,8.176110,0.022617808539714478
jarhi,8.160518,0.022574675941113034
chahiye,8.169903,0.02260063793687205
khor,8.161946,0.022578626258635028
phr,8.161375,0.022577046684891987
dish,8.161090,0.02257625828118487
population,8.164226,0.02258493348829198
wande,8.160518,0.022574675941113034
whatsapp,8.165648,0.022588867207841187
02,8.164795,0.022586507529377426
IS,8.163656,0.022583356680877742
jaroorat,8.163941,0.022584145084584863
akhand,8.163371,0.022582568277170624
Dedena,8.162231,0.022579414662342145
wagera,8.164795,0.022586507529377426
baithi,8.160804,0.022575467111148953
Joh,8.164795,0.022586507529377426
rahe,8.165364,0.02258808157046287
english,8.161946,0.022578626258635028
khada,8.160804,0.022575467111148953
ing,8.165648,0.022588867207841187
dety,8.164226,0.02258493348829198
Saley,8.165932,0.022589652845219514
wake,8.162231,0.022579414662342145
places,8.162516,0.022580203066049267
kahni,8.168486,0.022596718048966825
Zindagi,8.163941,0.022584145084584863
t=37m07s\\u003e37,8.162801,0.022580991469756385
made,8.163941,0.022584145084584863
dikhana,8.162516,0.022580203066049267
Aaaaaahhh,8.165648,0.022588867207841187
karke,8.165364,0.02258808157046287
kahan,8.162231,0.022579414662342145
sariya,8.164226,0.02258493348829198
huva,8.166216,0.022590438482597838
/\u003ekar,8.164795,0.022586507529377426
drinker,8.161946,0.022578626258635028
room,8.161946,0.022578626258635028
bv,8.165364,0.02258808157046287
indispensably,8.164226,0.02258493348829198
enjoyment,8.164795,0.022586507529377426
true,8.170186,0.022601420807921574
bus,8.163371,0.022582568277170624
hamari,8.165364,0.02258808157046287
bakwash,8.162516,0.022580203066049267
Venkateswara,8.164226,0.02258493348829198
obviously,8.164226,0.02258493348829198
Of,8.165648,0.022588867207841187
Roti,8.162231,0.022579414662342145
Chittagong,8.163086,0.022581779873463503
desh,8.164510,0.022585719125670305
hatao,8.163086,0.022581779873463503
tremendous,8.165364,0.02258808157046287
ahahaha,8.161946,0.022578626258635028
ta,8.161946,0.022578626258635028
date,8.164226,0.02258493348829198
violence,8.162801,0.022580991469756385
facilities,8.165079,0.02258729316675575
wife,8.171599,0.022605329630511612
c,8.165364,0.02258808157046287
still,8.167068,0.022592795394732808
aashish,8.161090,0.02257625828118487
khud,8.163086,0.022581779873463503
hasina,8.160518,0.022574675941113034
karna,8.162516,0.022580203066049267
Muslims,8.164226,0.02258493348829198
bac,8.162801,0.022580991469756385
EVERYONE,8.164226,0.02258493348829198
soch,8.165648,0.022588867207841187
Kuch,8.163656,0.022583356680877742
kare,8.161375,0.022577046684891987
fuckin,8.164226,0.02258493348829198
ghum,8.161660,0.022577835088599108
respectful,8.163371,0.022582568277170624
dead,8.164795,0.022586507529377426
sida,8.165364,0.02258808157046287
raadha,8.162516,0.022580203066049267
vo,8.166216,0.022590438482597838
sex\u003cbr,8.164226,0.02258493348829198
diye@,8.161946,0.022578626258635028
kasoor,8.161090,0.02257625828118487
Jamshedpur,8.162801,0.022580991469756385
physical,8.164226,0.02258493348829198
mari,8.162801,0.022580991469756385
doston,8.163371,0.022582568277170624
chor,8.164795,0.022586507529377426
bachha,8.165932,0.022589652845219514
sir,8.170469,0.022602203678971103
find,8.160518,0.022574675941113034
ANYONE,8.161946,0.022578626258635028
hee,8.164510,0.022585719125670305
Very,8.166500,0.022591224119976158
lag,8.161375,0.022577046684891987
totaly,8.163656,0.022583356680877742
wtf,8.161660,0.022577835088599108
available,8.165079,0.02258729316675575
sahi,8.167068,0.022592795394732808
usko,8.165932,0.022589652845219514
divya,8.165648,0.022588867207841187
thumbnail,8.160518,0.022574675941113034
aurat,8.162516,0.022580203066049267
pass,8.163371,0.022582568277170624
Amjad\u0026#39,8.164226,0.02258493348829198
ghr,8.165932,0.022589652845219514
NURSING,8.165079,0.02258729316675575
playboy,8.162801,0.022580991469756385
pora,8.165932,0.022589652845219514
Thriller,8.161946,0.022578626258635028
/\u003eI,8.163656,0.022583356680877742
marr,8.160804,0.022575467111148953
banjate,8.162516,0.022580203066049267
valo,8.161946,0.022578626258635028
Insan,8.163656,0.022583356680877742
hard,8.161946,0.022578626258635028
lia,8.160804,0.022575467111148953
asli,8.164795,0.022586507529377426
episod,8.163656,0.022583356680877742
great,8.165079,0.02258729316675575
ajeeb,8.165932,0.022589652845219514
miss,8.163371,0.022582568277170624
Neta,8.166216,0.022590438482597838
Police,8.165364,0.02258808157046287
kum,8.163371,0.022582568277170624
see,8.172447,0.02260767547733139
pyar,8.164510,0.022585719125670305
person,8.162231,0.022579414662342145
Hum,8.160518,0.022574675941113034
Sir,8.167352,0.022593581032111124
regular,8.165079,0.02258729316675575
played,8.165932,0.022589652845219514
WHERE,8.163371,0.022582568277170624
reported,8.164795,0.022586507529377426
samne,8.163941,0.022584145084584863
novela,8.164510,0.022585719125670305
favorat,8.160518,0.022574675941113034
must,8.166784,0.02259200975735448
NISSAR,8.161946,0.022578626258635028
Will,8.160518,0.022574675941113034
sajaa,8.163371,0.022582568277170624
Good,8.165932,0.022589652845219514
kaha,8.161946,0.022578626258635028
D,8.161660,0.022577835088599108
/\u003echlo,8.160804,0.022575467111148953
bhag,8.161375,0.022577046684891987
kata,8.165079,0.02258729316675575
Soda,8.163941,0.022584145084584863
asshole,8.161946,0.022578626258635028
KYA,8.161946,0.022578626258635028
Karma,8.161090,0.02257625828118487
stupid,8.168770,0.02259750368634515
kyunki,8.163086,0.022581779873463503
maza,8.168770,0.02259750368634515
culprit,8.165079,0.02258729316675575
kery,8.162801,0.022580991469756385
vande,8.165932,0.022589652845219514
moh,8.161660,0.022577835088599108
ja,8.161660,0.022577835088599108
saand,8.165648,0.022588867207841187
DEKHNA,8.161375,0.022577046684891987
plz,8.167068,0.022592795394732808
/\u003eAajkal,8.165364,0.02258808157046287
Mujreem,8.161660,0.022577835088599108
lucky,8.163086,0.022581779873463503
raped,8.164795,0.022586507529377426
political,8.164226,0.02258493348829198
jaat,8.165648,0.022588867207841187
mar,8.172729,0.02260845558205212
cop,8.161090,0.02257625828118487
q=%23JudicialSystem\\u003e#JudicialSystem\u003c/a\u003e,8.160804,0.022575467111148953
heads,8.164226,0.02258493348829198
lakh,8.164795,0.022586507529377426
baaki,8.160804,0.022575467111148953
zaror,8.163941,0.022584145084584863
chut,8.165932,0.022589652845219514
pahla,8.161946,0.022578626258635028
Bikramganj,8.162231,0.022579414662342145
khub,8.160804,0.022575467111148953
Sahi,8.161946,0.022578626258635028
Crowd,8.164226,0.02258493348829198
THE,8.163656,0.022583356680877742
jisse,8.161090,0.02257625828118487
shakeel,8.166216,0.022590438482597838
double,8.163656,0.022583356680877742
pull,8.162801,0.022580991469756385
get,8.175548,0.022616253862930612
heart,8.160804,0.022575467111148953
talking,8.161660,0.022577835088599108
want,8.163371,0.022582568277170624
cute,8.162516,0.022580203066049267
jesy,8.165079,0.02258729316675575
Channel,8.160518,0.022574675941113034
PASAND,8.161375,0.022577046684891987
boli,8.161660,0.022577835088599108
fenk,8.161090,0.02257625828118487
bulls,8.164510,0.022585719125670305
XRAY,8.165079,0.02258729316675575
ghomane,8.164226,0.02258493348829198
caste,8.173011,0.022609235686772852
eating,8.163656,0.022583356680877742
inspectors,8.163371,0.022582568277170624
shows,8.162801,0.022580991469756385
Medical,8.164795,0.022586507529377426
effective,8.164226,0.02258493348829198
All,8.161660,0.022577835088599108
full,8.164795,0.022586507529377426
looking,8.160518,0.022574675941113034
Mother,8.161660,0.022577835088599108
apload,8.160804,0.022575467111148953
imandari,8.163656,0.022583356680877742
dogs,8.163371,0.022582568277170624
stunned,8.162516,0.022580203066049267
Phone,8.165079,0.02258729316675575
/\u003eagr,8.160804,0.022575467111148953
nikal,8.163086,0.022581779873463503
/\u003ewhy,8.160804,0.022575467111148953
sona,8.164795,0.022586507529377426
show,8.168770,0.02259750368634515
hey,8.165932,0.022589652845219514
6,8.164795,0.022586507529377426
koti,8.164226,0.02258493348829198
aik,8.170469,0.022602203678971103
mangnay,8.161946,0.022578626258635028
almost,8.164795,0.022586507529377426
think,8.170469,0.022602203678971103
Every,8.162231,0.022579414662342145
fu***n,8.162231,0.022579414662342145
Did,8.164226,0.02258493348829198
tyagi,8.168203,0.0225959351779173
Indian,8.169053,0.022598286557394674
Saali,8.164795,0.022586507529377426
ladkipagl,8.164795,0.022586507529377426
one,8.172164,0.022606892606281865
zaberdast,8.163086,0.022581779873463503
gave,8.162801,0.022580991469756385
Episodes,8.165648,0.022588867207841187
fresh,8.162516,0.022580203066049267
Actor,8.163086,0.022581779873463503
goddess,8.161375,0.022577046684891987
playing,8.164795,0.022586507529377426
Case,8.163371,0.022582568277170624
system,8.169620,0.022599855065822523
Acha,8.164510,0.022585719125670305
knows,8.162516,0.022580203066049267
due,8.164226,0.02258493348829198
mott,8.161090,0.02257625828118487
video,8.163656,0.022583356680877742
cash,8.164795,0.022586507529377426
sarwa,8.163941,0.022584145084584863
seing,8.163371,0.022582568277170624
chodna,8.165932,0.022589652845219514
Liya\u003cbr,8.165364,0.02258808157046287
series,8.162801,0.022580991469756385
nikli,8.164795,0.022586507529377426
href=\https,8.162801,0.022580991469756385
dhamake,8.161946,0.022578626258635028
mother,8.168203,0.0225959351779173
becoming,8.162231,0.022579414662342145
indinain,8.162516,0.022580203066049267
Desh,8.166216,0.022590438482597838
90\u0026#39,8.161946,0.022578626258635028
suicide,8.163371,0.022582568277170624
let,8.164795,0.022586507529377426
Episode,8.165364,0.02258808157046287
panchayat,8.164226,0.02258493348829198
sad,8.167352,0.022593581032111124
ME,8.161946,0.022578626258635028
SUB,8.161946,0.022578626258635028
atleast,8.163656,0.022583356680877742
mauka,8.163941,0.022584145084584863
Just,8.162231,0.022579414662342145
/\u003ehhuuuuhhhhh,8.160804,0.022575467111148953
kala,8.165648,0.022588867207841187
#NAME,8.160518,0.022574675941113034
MALE,8.165079,0.02258729316675575
Khoon,8.165648,0.022588867207841187
Do,8.160518,0.022574675941113034
lol,8.163941,0.022584145084584863
ganda,8.163656,0.022583356680877742
Doctor,8.164795,0.022586507529377426
acchi,8.161946,0.022578626258635028
ashish,8.160804,0.022575467111148953
aiesi,8.164226,0.02258493348829198
Desi,8.160518,0.022574675941113034
One,8.169336,0.0225990694284442
maro,8.172447,0.02260767547733139
attracts,8.160518,0.022574675941113034
killer\u0026#39,8.164226,0.02258493348829198
hahaha,8.161660,0.022577835088599108
vyakti,8.162516,0.022580203066049267
hoga,8.165648,0.022588867207841187
Jyada,8.162801,0.022580991469756385
call,8.163371,0.022582568277170624
daar,8.161946,0.022578626258635028
satarac,8.163941,0.022584145084584863
oppressions,8.164226,0.02258493348829198
Ki,8.162231,0.022579414662342145
3,8.169903,0.02260063793687205
anything,8.163656,0.022583356680877742
tu,8.169053,0.022598286557394674
ab,8.169620,0.022599855065822523
kita,8.161090,0.02257625828118487
thaa,8.162801,0.022580991469756385
saadi,8.165364,0.02258808157046287
mints,8.164795,0.022586507529377426
oppression,8.164226,0.02258493348829198
EEEEEEEEEEEEEEVVVVVVVVILLLLLLLLLLLLLLL,8.165648,0.022588867207841187
672,8.162516,0.022580203066049267
kalank,8.160518,0.022574675941113034
Nic,8.162231,0.022579414662342145
amjad,8.163656,0.022583356680877742
joti,8.161660,0.022577835088599108
changed,8.163656,0.022583356680877742
I\u0026#39,8.164795,0.022586507529377426
thing,8.164226,0.02258493348829198
charge,8.163371,0.022582568277170624
sexual,8.165932,0.022589652845219514
non,8.164226,0.02258493348829198
/\u003eQatil,8.161660,0.022577835088599108
die,8.164795,0.022586507529377426
dikshit,8.164510,0.022585719125670305
kaise,8.172447,0.02260767547733139
hearing,8.160804,0.022575467111148953
kise,8.162801,0.022580991469756385
dastak,8.163371,0.022582568277170624
kotian,8.168770,0.02259750368634515
lolz\u003cbr,8.163086,0.022581779873463503
ya,8.166784,0.02259200975735448
f\u0026#39,8.165648,0.022588867207841187
40\u003c/a\u003e,8.165079,0.02258729316675575
chala,8.160804,0.022575467111148953
saath,8.164226,0.02258493348829198
bhare,8.161375,0.022577046684891987
superstitious,8.162231,0.022579414662342145
Sumeet,8.160518,0.022574675941113034
ata,8.164226,0.02258493348829198
jhankar,8.165364,0.02258808157046287
ase,8.162516,0.022580203066049267
wse,8.165079,0.02258729316675575
isko,8.167636,0.02259436666948945
cruise,8.160804,0.022575467111148953
Kaam,8.162801,0.022580991469756385
jarur,8.164510,0.022585719125670305
bjp,8.163086,0.022581779873463503
indian,8.163656,0.022583356680877742
bewafaa,8.164795,0.022586507529377426
Eeeeeevvvvvvillllll,8.165648,0.022588867207841187
dady,8.162801,0.022580991469756385
Stupid,8.161946,0.022578626258635028
jel,8.164510,0.022585719125670305
NICE,8.161375,0.022577046684891987
tarah,8.164795,0.022586507529377426
pr,8.169903,0.02260063793687205
self,8.161660,0.022577835088599108
breath,8.165648,0.022588867207841187
haiwan,8.165932,0.022589652845219514
perfect,8.168203,0.0225959351779173
base,8.162801,0.022580991469756385
victims,8.164226,0.02258493348829198
target,8.165932,0.022589652845219514
apne,8.166500,0.022591224119976158
sending,8.161090,0.02257625828118487
karo,8.172729,0.02260845558205212
Inspector,8.163941,0.022584145084584863
laws,8.165648,0.022588867207841187
jis,8.165932,0.022589652845219514
t=5m17s\\u003e5,8.163941,0.022584145084584863
mera,8.165648,0.022588867207841187
krti,8.168203,0.0225959351779173
thise,8.163371,0.022582568277170624
Baground,8.163941,0.022584145084584863
Ya,8.168486,0.022596718048966825
treeka,8.162516,0.022580203066049267
kha,8.169903,0.02260063793687205
us,8.165648,0.022588867207841187
sister,8.161375,0.022577046684891987
anybody,8.164795,0.022586507529377426
soo@,8.164795,0.022586507529377426
change,8.169903,0.02260063793687205
songs,8.160804,0.022575467111148953
banegi,8.164795,0.022586507529377426
euphoria,8.164795,0.022586507529377426
xxx,8.160518,0.022574675941113034
jaisa,8.164226,0.02258493348829198
bive,8.163371,0.022582568277170624
act,8.166500,0.022591224119976158
till,8.165648,0.022588867207841187
months,8.165648,0.022588867207841187
AS,8.161090,0.02257625828118487
BEST,8.160518,0.022574675941113034
jata,8.176110,0.022617808539714478
Krishna,8.162516,0.022580203066049267
Are,8.171317,0.02260454952579088
What\u0026#39,8.161375,0.022577046684891987
Pyaari,8.162801,0.022580991469756385
kii,8.165364,0.02258808157046287
lajtk,8.162516,0.022580203066049267
karte,8.162516,0.022580203066049267
bano,8.162516,0.022580203066049267
Kabhi,8.162801,0.022580991469756385
father,8.163371,0.022582568277170624
muslim,8.171599,0.022605329630511612
sick,8.163371,0.022582568277170624
aagey,8.165364,0.02258808157046287
dislike,8.165364,0.02258808157046287
es,8.162801,0.022580991469756385
Harami,8.169620,0.022599855065822523
bhee,8.161375,0.022577046684891987
dia,8.163656,0.022583356680877742
Doesn\u0026#39,8.165648,0.022588867207841187
least,8.165079,0.02258729316675575
sakte,8.163656,0.022583356680877742
itni,8.168203,0.0225959351779173
hum,8.162801,0.022580991469756385
chakku,8.165648,0.022588867207841187
wo,8.174421,0.022613136210376496
bhul,8.164795,0.022586507529377426
achi,8.163941,0.022584145084584863
town,8.163086,0.022581779873463503
standard,8.163656,0.022583356680877742
cigrette,8.161946,0.022578626258635028
bnana,8.161090,0.02257625828118487
banana,8.161090,0.02257625828118487
danda,8.165648,0.022588867207841187
He,8.166784,0.02259200975735448
chaiye,8.164510,0.022585719125670305
raat,8.163371,0.022582568277170624
machinery,8.164226,0.02258493348829198
SAB,8.161946,0.022578626258635028
ass,8.165648,0.022588867207841187
na,8.169336,0.0225990694284442
government,8.164226,0.02258493348829198
LOST,8.164226,0.02258493348829198
Log,8.162231,0.022579414662342145
next,8.160518,0.022574675941113034
criminals,8.164510,0.022585719125670305
samaj,8.162516,0.022580203066049267
galti,8.164510,0.022585719125670305
tbh,8.163371,0.022582568277170624
sla,8.165932,0.022589652845219514
9718122327\u003cbr,8.165079,0.02258729316675575
country,8.180321,0.02262945755027827
3rd,8.163941,0.022584145084584863
99%,8.161090,0.02257625828118487
zinda,8.161375,0.022577046684891987
paagl,8.161090,0.02257625828118487
+918572050449,8.165648,0.022588867207841187
tegi,8.163086,0.022581779873463503
Admisn,8.165079,0.02258729316675575
apka,8.160804,0.022575467111148953
commit,8.162231,0.022579414662342145
No,8.170186,0.022601420807921574
tham,8.164795,0.022586507529377426
getting,8.160518,0.022574675941113034
Patrol,8.167919,0.022595149540538977
affairs,8.164226,0.02258493348829198
chli,8.165932,0.022589652845219514
At,8.165932,0.022589652845219514
enters,8.161946,0.022578626258635028
close,8.167919,0.022595149540538977
Judge,8.161660,0.022577835088599108
dialogues,8.162801,0.022580991469756385
control,8.164226,0.02258493348829198
murad,8.160804,0.022575467111148953
reality,8.167919,0.022595149540538977
come,8.167068,0.022592795394732808
pta,8.167919,0.022595149540538977
Ek,8.163371,0.022582568277170624
that\u0026#39,8.161375,0.022577046684891987
nikla,8.166216,0.022590438482597838
undergone,8.161660,0.022577835088599108
Chalo,8.161946,0.022578626258635028
domestic,8.162801,0.022580991469756385
/\u003eAdalat,8.161660,0.022577835088599108
madarcod,8.163941,0.022584145084584863
ji,8.168770,0.02259750368634515
Main,8.162231,0.022579414662342145
way,8.161660,0.022577835088599108
religion,8.172729,0.02260845558205212
ehsas,8.163086,0.022581779873463503
man,8.173575,0.022610795896214307
khubsurat,8.163086,0.022581779873463503
jhagda,8.165079,0.02258729316675575
leleti,8.164795,0.022586507529377426
thank,8.165079,0.02258729316675575
bohat,8.168203,0.0225959351779173
rest,8.161660,0.022577835088599108
SEE,8.163371,0.022582568277170624
banchao,8.163086,0.022581779873463503
pdhe,8.161375,0.022577046684891987
dekhne,8.165648,0.022588867207841187
comeback,8.161090,0.02257625828118487
5,8.164795,0.022586507529377426
rakhe,8.165648,0.022588867207841187
mei,8.165648,0.022588867207841187
cut,8.164510,0.022585719125670305
movies,8.161946,0.022578626258635028
ones,8.161090,0.02257625828118487
Salam,8.162516,0.022580203066049267
may,8.162516,0.022580203066049267
r,8.164510,0.022585719125670305
kiya,8.174139,0.022612356105655766
aisa,8.171317,0.02260454952579088
krna,8.162516,0.022580203066049267
misery,8.161660,0.022577835088599108
peso,8.164510,0.022585719125670305
etc,8.173293,0.022610015791493576
shocked,8.161375,0.022577046684891987
Taraf,8.164795,0.022586507529377426
super,8.170469,0.022602203678971103
drinking,8.161946,0.022578626258635028
hona,8.166784,0.02259200975735448
mistake,8.164510,0.022585719125670305
TV,8.163656,0.022583356680877742
put,8.163371,0.022582568277170624
cruel,8.160518,0.022574675941113034
/\u003ehai,8.164795,0.022586507529377426
Yeh,8.165648,0.022588867207841187
aesi,8.161375,0.022577046684891987
v,8.161946,0.022578626258635028
krogey,8.165079,0.02258729316675575
BAHAT,8.161375,0.022577046684891987
ATE,8.161946,0.022578626258635028
Canada,8.163371,0.022582568277170624
pad,8.163371,0.022582568277170624
jasa,8.161090,0.02257625828118487
gets,8.165648,0.022588867207841187
kiyaa,8.162516,0.022580203066049267
MUJHE,8.161375,0.022577046684891987
Situation,8.165648,0.022588867207841187
khoof,8.164795,0.022586507529377426
Artist,8.160804,0.022575467111148953
dad,8.163941,0.022584145084584863
female,8.161375,0.022577046684891987
chod,8.161090,0.02257625828118487
kasa,8.161090,0.02257625828118487
sabko,8.164795,0.022586507529377426
kamao,8.164510,0.022585719125670305
Than,8.160518,0.022574675941113034
management,8.164226,0.02258493348829198
7531815365\u003cbr,8.165079,0.02258729316675575
better,8.162516,0.022580203066049267
anoop,8.169053,0.022598286557394674
Dena,8.163371,0.022582568277170624
saza,8.163371,0.022582568277170624
maar,8.164226,0.02258493348829198
videos,8.164226,0.02258493348829198
stab,8.164226,0.02258493348829198
sath,8.167919,0.022595149540538977
kon,8.162231,0.022579414662342145
Izzat,8.162801,0.022580991469756385
INSPECTOR,8.160518,0.022574675941113034
tho,8.161946,0.022578626258635028
lakin,8.165364,0.02258808157046287
ok,8.161090,0.02257625828118487
serial,8.163656,0.022583356680877742
hy,8.162231,0.022579414662342145
day,8.162231,0.022579414662342145
Again,8.160518,0.022574675941113034
roll,8.164795,0.022586507529377426
Had,8.162801,0.022580991469756385
worst,8.168486,0.022596718048966825
today,8.165648,0.022588867207841187
POLICE,8.160804,0.022575467111148953
pathetic,8.164226,0.02258493348829198
dho,8.176673,0.022619365982827135
/\u003eko,8.161660,0.022577835088599108
sanjeev,8.167352,0.022593581032111124
aad,8.163086,0.022581779873463503
Law,8.160518,0.022574675941113034
dubbing,8.163086,0.022581779873463503
Raaj,8.161660,0.022577835088599108
minute,8.163371,0.022582568277170624
cry,8.162801,0.022580991469756385
purane,8.162516,0.022580203066049267
helpless,8.163656,0.022583356680877742
DON\u0026#39,8.160518,0.022574675941113034
Dare,8.160518,0.022574675941113034
students,8.165079,0.02258729316675575
aati,8.165364,0.02258808157046287
Toh,8.162801,0.022580991469756385
fake,8.164510,0.022585719125670305
missing,8.165079,0.02258729316675575
Aisa,8.162801,0.022580991469756385
cam,8.162801,0.022580991469756385
/\u003elangur,8.161090,0.02257625828118487
note,8.167352,0.022593581032111124
pda,8.161090,0.02257625828118487
pal,8.163941,0.022584145084584863
ap,8.169620,0.022599855065822523
FIR,8.161375,0.022577046684891987
MAI,8.161375,0.022577046684891987
dhundo,8.163371,0.022582568277170624
seedi,8.165364,0.02258808157046287
siblings,8.163086,0.022581779873463503
understand,8.163371,0.022582568277170624
improved,8.163371,0.022582568277170624
verry,8.160804,0.022575467111148953
Garam,8.164226,0.02258493348829198
assault,8.165932,0.022589652845219514
Chaye,8.162231,0.022579414662342145
CAMERA,8.163371,0.022582568277170624
GREAT,8.161090,0.02257625828118487
uth,8.161946,0.022578626258635028
dumb,8.161946,0.022578626258635028
bol,8.165364,0.02258808157046287
bachhi,8.165364,0.02258808157046287
hindu,8.167636,0.02259436666948945
t,8.164510,0.022585719125670305
abhishek,8.162801,0.022580991469756385
vs,8.163656,0.022583356680877742
yese,8.161946,0.022578626258635028
help,8.163086,0.022581779873463503
soni,8.174703,0.02261391631509722
kidar,8.165079,0.02258729316675575
Sab,8.162231,0.022579414662342145
saala,8.162801,0.022580991469756385
anyone\u0026#39,8.161090,0.02257625828118487
Ja,8.162801,0.022580991469756385
Branch,8.164795,0.022586507529377426
bhadur,8.160804,0.022575467111148953
age,8.162231,0.022579414662342145
THINK,8.164226,0.02258493348829198
ladki,8.170751,0.022602983783691827
give,8.164795,0.022586507529377426
Shayad,8.160518,0.022574675941113034
Such,8.162231,0.022579414662342145
ep,8.160804,0.022575467111148953
touching,8.160804,0.022575467111148953
accha,8.165079,0.02258729316675575
fall,8.164795,0.022586507529377426
delivery,8.163656,0.022583356680877742
gunda,8.163656,0.022583356680877742
/\u003epaise,8.164795,0.022586507529377426
DEKHTA,8.161946,0.022578626258635028
Those,8.164795,0.022586507529377426
wala,8.180041,0.022628682978215135
creative,8.164510,0.022585719125670305
0r,8.161946,0.022578626258635028
ghar,8.171034,0.022603766654741356
purely,8.164795,0.022586507529377426
jala,8.163941,0.022584145084584863
Nice,8.169903,0.02260063793687205
every,8.174703,0.02261391631509722
everywhere,8.165648,0.022588867207841187
isso,8.164510,0.022585719125670305
door,8.164226,0.02258493348829198
Anup,8.164795,0.022586507529377426
aam,8.161375,0.022577046684891987
tired,8.161660,0.022577835088599108
ghur,8.165079,0.02258729316675575
sabse,8.163371,0.022582568277170624
WILL,8.161946,0.022578626258635028
Dhaka,8.163086,0.022581779873463503
v=MOrEmI85gGo\u0026amp,8.164226,0.02258493348829198
aarakshan,8.165648,0.022588867207841187
aaj,8.165364,0.02258808157046287
god,8.166784,0.02259200975735448
kahte,8.163371,0.022582568277170624
gaye,8.161090,0.02257625828118487
unnati,8.166784,0.02259200975735448
pahasakr,8.165932,0.022589652845219514
marriage,8.168486,0.022596718048966825
Tom,8.160804,0.022575467111148953
dusman,8.165364,0.02258808157046287
vrinda,8.163941,0.022584145084584863
bhalan,8.162231,0.022579414662342145
pyr,8.161090,0.02257625828118487
education,8.161375,0.022577046684891987
sachin,8.165364,0.02258808157046287
jee,8.169903,0.02260063793687205
old,8.165364,0.02258808157046287
sold,8.162516,0.022580203066049267
backward,8.161660,0.022577835088599108
nikala\u003cbr,8.161090,0.02257625828118487
bag,8.163371,0.022582568277170624
u,8.167636,0.02259436666948945
yaha,8.165079,0.02258729316675575
01,8.164795,0.022586507529377426
bollywood,8.164795,0.022586507529377426
keeping,8.165648,0.022588867207841187
pakistani,8.166216,0.022590438482597838
Bilkul,8.161375,0.022577046684891987
deserved,8.163941,0.022584145084584863
bachi,8.165932,0.022589652845219514
sony,8.165364,0.02258808157046287
/\u003ekya,8.161660,0.022577835088599108
Sony,8.163371,0.022582568277170624
mard,8.165364,0.02258808157046287
keh,8.169336,0.0225990694284442
injured,8.163371,0.022582568277170624
/\u003ekhamoiah,8.161660,0.022577835088599108
bhala,8.161090,0.02257625828118487
Isko,8.163941,0.022584145084584863
neutrally,8.165079,0.02258729316675575
college,8.165364,0.02258808157046287
Implemented,8.160518,0.022574675941113034
buddi,8.164510,0.022585719125670305
SHETTY,8.161375,0.022577046684891987
carimpetro,8.162801,0.022580991469756385
chaudna,8.165932,0.022589652845219514
murder,8.167352,0.022593581032111124
apni,8.170186,0.022601420807921574
depressed,8.161090,0.02257625828118487
nissar,8.161946,0.022578626258635028
artist,8.165648,0.022588867207841187
aise,8.174139,0.022612356105655766
Chakkar,8.162231,0.022579414662342145
officer,8.170469,0.022602203678971103
pakistn,8.162516,0.022580203066049267
CP,8.164510,0.022585719125670305
intercaste,8.161375,0.022577046684891987
obivis,8.165648,0.022588867207841187
This,8.160518,0.022574675941113034
sasriykal,8.162516,0.022580203066049267
save,8.167068,0.022592795394732808
Kal,8.171317,0.02260454952579088
gotar,8.163086,0.022581779873463503
Bastards,8.160518,0.022574675941113034
list,8.164795,0.022586507529377426
utna,8.164795,0.022586507529377426
hubbies,8.163941,0.022584145084584863
But,8.165648,0.022588867207841187
Moder,8.164795,0.022586507529377426
Be,8.165079,0.02258729316675575
chla,8.165364,0.02258808157046287
Sanjeeb,8.163086,0.022581779873463503
Buddha,8.164226,0.02258493348829198
terrorist,8.163086,0.022581779873463503
always,8.166216,0.022590438482597838
iss,8.170751,0.022602983783691827
daal,8.165932,0.022589652845219514
news,8.162801,0.022580991469756385
v=ggzlLrulFdE\u0026amp,8.162801,0.022580991469756385
Aise,8.162516,0.022580203066049267
Bhai,8.163371,0.022582568277170624
WORLD,8.164795,0.022586507529377426
Bare,8.162231,0.022579414662342145
dosri,8.165932,0.022589652845219514
common,8.160518,0.022574675941113034
oppressive,8.164226,0.02258493348829198
yr,8.165079,0.02258729316675575
funny,8.160518,0.022574675941113034
dekhtaa,8.164510,0.022585719125670305
crowd,8.164226,0.02258493348829198
gud,8.162516,0.022580203066049267
TECHNOLOGY,8.165079,0.02258729316675575
girks,8.161375,0.022577046684891987
indians,8.162231,0.022579414662342145
though,8.164795,0.022586507529377426
dugna,8.165648,0.022588867207841187
bokaro,8.165648,0.022588867207841187
Dekh,8.165364,0.02258808157046287
bosdi,8.161090,0.02257625828118487
LIKE,8.162231,0.022579414662342145
/\u003eShakeel,8.162516,0.022580203066049267
Itni,8.164795,0.022586507529377426
dumbasses,8.165648,0.022588867207841187
zakhmi,8.161946,0.022578626258635028
padhye,8.162801,0.022580991469756385
j,8.169053,0.022598286557394674
kaale,8.165648,0.022588867207841187
kiye,8.164795,0.022586507529377426
brasileira,8.164510,0.022585719125670305
cheekhty,8.163656,0.022583356680877742
done,8.160518,0.022574675941113034
Secularo,8.164226,0.02258493348829198
galat,8.162801,0.022580991469756385
dekha,8.165932,0.022589652845219514
Jo,8.161375,0.022577046684891987
sirf,8.162516,0.022580203066049267
AND,8.161946,0.022578626258635028
dialogue,8.163941,0.022584145084584863
training,8.165079,0.02258729316675575
sketch,8.160804,0.022575467111148953
girl,8.170469,0.022602203678971103
responsible,8.164226,0.02258493348829198
A,8.169620,0.022599855065822523
MIL,8.164226,0.02258493348829198
rahi,8.164226,0.02258493348829198
Must,8.160518,0.022574675941113034
retakes,8.160518,0.022574675941113034
pesh,8.163656,0.022583356680877742
mahila,8.164226,0.02258493348829198
comment,8.165079,0.02258729316675575
THIS,8.162801,0.022580991469756385
atta,8.165932,0.022589652845219514
Superb,8.163941,0.022584145084584863
716,8.162516,0.022580203066049267
preg,8.160804,0.022575467111148953
orphan,8.160518,0.022574675941113034
kyun,8.160518,0.022574675941113034
toka,8.160804,0.022575467111148953
deni,8.160804,0.022575467111148953
gharke,8.161090,0.02257625828118487
kaarn,8.161090,0.02257625828118487
bache,8.165932,0.022589652845219514
How,8.180041,0.022628682978215135
human,8.164795,0.022586507529377426
bing,8.160518,0.022574675941113034
dala,8.160518,0.022574675941113034
FUCKING,8.163371,0.022582568277170624
umiya,8.165648,0.022588867207841187
dakho,8.165932,0.022589652845219514
main,8.163371,0.022582568277170624
Achay,8.162516,0.022580203066049267
expressions,8.162801,0.022580991469756385
kitni,8.174421,0.022613136210376496
accept,8.162516,0.022580203066049267
director,8.169903,0.02260063793687205
v=iZ8Xcho,8.162516,0.022580203066049267
Karne,8.162231,0.022579414662342145
\u0026#39,8.166784,0.02259200975735448
/\u003ehogi,8.164795,0.022586507529377426
Gupta,8.164795,0.022586507529377426
mast,8.169053,0.022598286557394674
soda,8.163941,0.022584145084584863
7065143516,8.165079,0.02258729316675575
andaz,8.165079,0.02258729316675575
hawwww,8.162516,0.022580203066049267
/\u003eupper,8.163941,0.022584145084584863
gae,8.165364,0.02258808157046287
sadane,8.164510,0.022585719125670305
lohe,8.165932,0.022589652845219514
agar,8.167352,0.022593581032111124
Amma,8.162516,0.022580203066049267
au,8.163941,0.022584145084584863
Ma,8.160518,0.022574675941113034
pati,8.173575,0.022610795896214307
EVIL,8.165648,0.022588867207841187
kai,8.164795,0.022586507529377426
simplified,8.164226,0.02258493348829198
khatun,8.165648,0.022588867207841187
dikha,8.163656,0.022583356680877742
/\u003eMachhli,8.164795,0.022586507529377426
God,8.170186,0.022601420807921574
selfish,8.164510,0.022585719125670305
Finally,8.162801,0.022580991469756385
kahani,8.161375,0.022577046684891987
Pichhle,8.165364,0.02258808157046287
hogaa,8.164510,0.022585719125670305
honesty,8.162516,0.022580203066049267
could,8.164795,0.022586507529377426
OKAY,8.171317,0.02260454952579088
Events,8.165648,0.022588867207841187
ridiculous,8.162801,0.022580991469756385
/\u003eOur,8.164226,0.02258493348829198
Aayal,8.163941,0.022584145084584863
6Pc\u0026amp,8.162516,0.022580203066049267
/\u003ekitna,8.163656,0.022583356680877742
OT,8.165079,0.02258729316675575
child,8.165932,0.022589652845219514
ban,8.165079,0.02258729316675575
family,8.166216,0.022590438482597838
BSC,8.165079,0.02258729316675575
hoon,8.163371,0.022582568277170624
casteism,8.165648,0.022588867207841187
sequence,8.161946,0.022578626258635028
GOOD,8.161090,0.02257625828118487
hote,8.167352,0.022593581032111124
musi,8.164226,0.02258493348829198
t=41m40s\\u003e41,8.165079,0.02258729316675575
Soni,8.164226,0.02258493348829198
hospital,8.165079,0.02258729316675575
hath,8.160804,0.022575467111148953
part,8.169053,0.022598286557394674
pata,8.163941,0.022584145084584863
mud,8.162516,0.022580203066049267
/\u003eAnd,8.164226,0.02258493348829198
Files,8.164795,0.022586507529377426
kese,8.164795,0.022586507529377426
implementation,8.164226,0.02258493348829198
/\u003euuuffffff,8.163656,0.022583356680877742
21,8.163656,0.022583356680877742
lagi,8.163941,0.022584145084584863
pacina,8.160518,0.022574675941113034
alawa,8.161090,0.02257625828118487
city,8.165648,0.022588867207841187
And,8.173293,0.022610015791493576
e,8.165079,0.02258729316675575
toh,8.178639,0.022624804585241867
kein,8.160518,0.022574675941113034
gf,8.160518,0.022574675941113034
hotel,8.161946,0.022578626258635028
body,8.161946,0.022578626258635028
first,8.180041,0.022628682978215135
ai,8.164510,0.022585719125670305
cancer,8.165648,0.022588867207841187
fast,8.162231,0.022579414662342145
Ka,8.162801,0.022580991469756385
ga,8.171317,0.02260454952579088
Jana,8.160804,0.022575467111148953
actress,8.161375,0.022577046684891987
larko,8.162516,0.022580203066049267
speakers,8.161090,0.02257625828118487
Not,8.160518,0.022574675941113034
haramiyu,8.164226,0.02258493348829198
community,8.164795,0.022586507529377426
Hoti,8.162801,0.022580991469756385
jaan,8.161090,0.02257625828118487
rabta,8.162801,0.022580991469756385
fight,8.163086,0.022581779873463503
curse,8.165648,0.022588867207841187
behkanay,8.161946,0.022578626258635028
CHAUNGA,8.161375,0.022577046684891987
nerrow,8.163941,0.022584145084584863
affair,8.160518,0.022574675941113034
complicated,8.161375,0.022577046684891987
showed,8.165648,0.022588867207841187
dirty,8.164795,0.022586507529377426
dekhti,8.163371,0.022582568277170624
bahot,8.161946,0.022578626258635028
Uffffffffffffff,8.164795,0.022586507529377426
Se,8.162801,0.022580991469756385
rahay,8.166216,0.022590438482597838
devorss,8.161090,0.02257625828118487
honest,8.164226,0.02258493348829198
satarc,8.162801,0.022580991469756385
tharki,8.162801,0.022580991469756385
Nahi,8.162801,0.022580991469756385
ak,8.162516,0.022580203066049267
Rok,8.164795,0.022586507529377426
kutte,8.167919,0.022595149540538977
g,8.160804,0.022575467111148953
dis,8.165364,0.02258808157046287
plays,8.161375,0.022577046684891987
17\u003c/a\u003e,8.163941,0.022584145084584863
woh,8.162801,0.022580991469756385
nam,8.160518,0.022574675941113034
Virinda,8.162801,0.022580991469756385
bahu,8.161660,0.022577835088599108
mara,8.164226,0.02258493348829198
kholta,8.165648,0.022588867207841187
episodes,8.164226,0.02258493348829198
Mantry,8.161660,0.022577835088599108
kharab,8.162516,0.022580203066049267
34,8.162231,0.022579414662342145
heroine,8.162231,0.022579414662342145
bhaiyo,8.161090,0.02257625828118487
schools,8.165648,0.022588867207841187
hr,8.165932,0.022589652845219514
send,8.165079,0.02258729316675575
thi,8.166500,0.022591224119976158
level,8.163941,0.022584145084584863
used,8.165648,0.022588867207841187
saving,8.164795,0.022586507529377426
nycc,8.161946,0.022578626258635028
started,8.161660,0.022577835088599108
Ganesh,8.172447,0.02260767547733139
per,8.163371,0.022582568277170624
dalte,8.165364,0.02258808157046287
Rahe,8.165364,0.02258808157046287
starting,8.167919,0.022595149540538977
jayada,8.163371,0.022582568277170624
Jangra,8.165648,0.022588867207841187
actor,8.178919,0.022625579157305002
destroy,8.161090,0.02257625828118487
rajender,8.160518,0.022574675941113034
ladkiyan,8.169903,0.02260063793687205
/,8.165648,0.022588867207841187
assbutt\u0026#39,8.165648,0.022588867207841187
bane,8.165648,0.022588867207841187
officers,8.165648,0.022588867207841187
/\u003eMedia,8.164795,0.022586507529377426
dikhta,8.160804,0.022575467111148953
channels,8.164795,0.022586507529377426
Kumar,8.162231,0.022579414662342145
viewer,8.165079,0.02258729316675575
1,8.165648,0.022588867207841187
saalo,8.164226,0.02258493348829198
MPHW,8.165079,0.02258729316675575
Zurm,8.164795,0.022586507529377426
maharashtra,8.163371,0.022582568277170624
otherwise,8.164226,0.02258493348829198
law,8.161660,0.022577835088599108
/\u003eAaj,8.166216,0.022590438482597838
actors,8.165932,0.022589652845219514
investigation,8.163656,0.022583356680877742
dail,8.163371,0.022582568277170624
prefered,8.164795,0.022586507529377426
com/results,8.163371,0.022582568277170624
laga,8.166216,0.022590438482597838
TYAGI,8.161375,0.022577046684891987
/\u003eand,8.165648,0.022588867207841187
te,8.161660,0.022577835088599108
Khudki,8.162231,0.022579414662342145
karti,8.165648,0.022588867207841187
krty,8.163656,0.022583356680877742
sr,8.162516,0.022580203066049267
unemployed,8.161660,0.022577835088599108
Sumit,8.161946,0.022578626258635028
bandh,8.164795,0.022586507529377426
Sonam,8.164795,0.022586507529377426
bnaaya,8.161090,0.02257625828118487
Dinesh,8.162231,0.022579414662342145
Shut,8.160804,0.022575467111148953
larka,8.161946,0.022578626258635028
chahta,8.165364,0.02258808157046287
Mkd,8.165364,0.02258808157046287
isss,8.165932,0.022589652845219514
shitty,8.165648,0.022588867207841187
phli,8.165932,0.022589652845219514
Islamic,8.160518,0.022574675941113034
Ko,8.169903,0.02260063793687205
/\u003eyeh,8.165079,0.02258729316675575
placement,8.165079,0.02258729316675575
false,8.162801,0.022580991469756385
Hain,8.162801,0.022580991469756385
anup,8.171034,0.022603766654741356
Priya,8.161375,0.022577046684891987
lety,8.160804,0.022575467111148953
society,8.175548,0.022616253862930612
/\u003eat,8.165079,0.02258729316675575
baba,8.162231,0.022579414662342145
gonchu,8.160804,0.022575467111148953
Manav,8.163086,0.022581779873463503
itny,8.162801,0.022580991469756385
EPISODE,8.161375,0.022577046684891987
specially,8.162801,0.022580991469756385
time,8.166216,0.022590438482597838
species,8.164795,0.022586507529377426
chutiyapa,8.163371,0.022582568277170624
name,8.177797,0.022622475336394866
wale,8.174421,0.022613136210376496
urine,8.163656,0.022583356680877742
begherati,8.163941,0.022584145084584863
everytime,8.165932,0.022589652845219514
rozzz,8.163371,0.022582568277170624
heard,8.163371,0.022582568277170624
message,8.162801,0.022580991469756385
kanadasan,8.160804,0.022575467111148953
completely,8.165648,0.022588867207841187
bt,8.164226,0.02258493348829198
9,8.165648,0.022588867207841187
head,8.164795,0.022586507529377426
smj,8.162516,0.022580203066049267
har,8.170186,0.022601420807921574
seen,8.161946,0.022578626258635028
hogya,8.161375,0.022577046684891987
Insaaf,8.161660,0.022577835088599108
bravo#\u003ca,8.165079,0.02258729316675575
SIR,8.161090,0.02257625828118487
bitch,8.163941,0.022584145084584863
REPLIES,8.161946,0.022578626258635028
07\u003c/a\u003e,8.162801,0.022580991469756385
saas,8.161660,0.022577835088599108
HUN,8.161946,0.022578626258635028
Team,8.160518,0.022574675941113034
100%,8.169620,0.022599855065822523
boys,8.161375,0.022577046684891987
type,8.166216,0.022590438482597838
b,8.164226,0.02258493348829198
ways,8.163371,0.022582568277170624
Mind,8.162516,0.022580203066049267
cases,8.173575,0.022610795896214307
1st,8.164795,0.022586507529377426
reservation,8.165648,0.022588867207841187
shaifi,8.161660,0.022577835088599108
chaye,8.164795,0.022586507529377426
66,8.163656,0.022583356680877742
watching,8.179480,0.022627131067760067
Kardiya,8.162231,0.022579414662342145
paisa,8.170469,0.022602203678971103
Everyone,8.160804,0.022575467111148953
Casting,8.164510,0.022585719125670305
Devil,8.160518,0.022574675941113034
bakvas,8.162231,0.022579414662342145
SE,8.161375,0.022577046684891987
BJP,8.163086,0.022581779873463503
barhti,8.165364,0.02258808157046287
Itna,8.162231,0.022579414662342145
q,8.169053,0.022598286557394674
pharaar,8.165932,0.022589652845219514
/\u003einter,8.163086,0.022581779873463503
click,8.163371,0.022582568277170624
script,8.164795,0.022586507529377426
abuse,8.162516,0.022580203066049267
Hi,8.161375,0.022577046684891987
walo,8.165364,0.02258808157046287
bail,8.160804,0.022575467111148953
That,8.161946,0.022578626258635028
weapon,8.161090,0.02257625828118487
admi,8.162801,0.022580991469756385
dega,8.161946,0.022578626258635028
struggles,8.161660,0.022577835088599108
Walon,8.164795,0.022586507529377426
itna,8.174421,0.022613136210376496
given,8.165648,0.022588867207841187
jchta,8.161375,0.022577046684891987
naalat,8.165364,0.02258808157046287
Agar,8.162801,0.022580991469756385
kehte,8.165364,0.02258808157046287
gayi,8.161375,0.022577046684891987
plzz,8.160804,0.022575467111148953
Chalegayi,8.162231,0.022579414662342145
pain,8.164226,0.02258493348829198
Ke,8.164795,0.022586507529377426
com/watch,8.177516,0.022621697998002937
DETA,8.161946,0.022578626258635028
drink,8.161946,0.022578626258635028
bahut,8.176954,0.02262014332121907
zabardasti,8.163371,0.022582568277170624
jagah,8.163371,0.022582568277170624
KHUS,8.161946,0.022578626258635028
able,8.164226,0.02258493348829198
p,8.162516,0.022580203066049267
free,8.170469,0.022602203678971103
Pakadti,8.164795,0.022586507529377426
Rap,8.162231,0.022579414662342145
Proper,8.165648,0.022588867207841187
bich,8.160804,0.022575467111148953
Compare,8.163656,0.022583356680877742
fail,8.163656,0.022583356680877742
real,8.179480,0.022627131067760067
chupta,8.164510,0.022585719125670305
condom,8.165932,0.022589652845219514
mujhe,8.161660,0.022577835088599108
excellent,8.162231,0.022579414662342145
thoda,8.161946,0.022578626258635028
KHAN,8.161946,0.022578626258635028
rude,8.164510,0.022585719125670305
DIL,8.161946,0.022578626258635028
cast,8.168486,0.022596718048966825
acha,8.179200,0.02262635649569693
anybodys,8.164510,0.022585719125670305
ugly,8.160518,0.022574675941113034
CAN,8.163371,0.022582568277170624
tear,8.165648,0.022588867207841187
insan,8.167636,0.02259436666948945
779,8.160804,0.022575467111148953
chan,8.165364,0.02258808157046287
16\u003c/a\u003e,8.164226,0.02258493348829198
P,8.169053,0.022598286557394674
lya,8.162516,0.022580203066049267
nursing,8.165079,0.02258729316675575
lekin,8.164510,0.022585719125670305
deserves,8.161660,0.022577835088599108
rakh,8.171317,0.02260454952579088
use,8.165648,0.022588867207841187
Yy,8.163656,0.022583356680877742
doob,8.164226,0.02258493348829198
involvement,8.163656,0.022583356680877742
slightly,8.163086,0.022581779873463503
team,8.173293,0.022610015791493576
bare,8.162801,0.022580991469756385
/\u003eRaaj,8.161660,0.022577835088599108
Tadap,8.162231,0.022579414662342145
suno,8.165364,0.02258808157046287
sabka,8.164510,0.022585719125670305
Paise,8.162231,0.022579414662342145
bhar,8.164510,0.022585719125670305
maharasta,8.163941,0.022584145084584863
chiiiiii,8.162231,0.022579414662342145
KI,8.161946,0.022578626258635028
dowry,8.165932,0.022589652845219514
Nashik,8.165648,0.022588867207841187
satrak,8.164226,0.02258493348829198
leke,8.165364,0.02258808157046287
dekh,8.163371,0.022582568277170624
forms,8.164226,0.02258493348829198
Me,8.164510,0.022585719125670305
/\u003eYogi,8.164226,0.02258493348829198
bhool,8.165364,0.02258808157046287
par,8.169903,0.02260063793687205
Jawano,8.165364,0.02258808157046287
sari,8.163656,0.022583356680877742
viewers,8.160518,0.022574675941113034
big,8.164510,0.022585719125670305
populous,8.164226,0.02258493348829198
Imported,8.162801,0.022580991469756385
plan,8.166216,0.022590438482597838
gya,8.167919,0.022595149540538977
receptionist,8.162516,0.022580203066049267
belove,8.165364,0.02258808157046287
saley,8.165932,0.022589652845219514
point,8.165648,0.022588867207841187
TEAM,8.161090,0.02257625828118487
Ranchi,8.162801,0.022580991469756385
boring,8.163371,0.022582568277170624
defense,8.161660,0.022577835088599108
dono,8.166784,0.02259200975735448
zade,8.161090,0.02257625828118487
BULLSHIT,8.163371,0.022582568277170624
overacting,8.165648,0.022588867207841187
gadhe,8.161660,0.022577835088599108
banda,8.161375,0.022577046684891987
hue,8.165932,0.022589652845219514
Asi,8.160804,0.022575467111148953
feeling,8.161946,0.022578626258635028
kutto,8.164226,0.02258493348829198
Apni,8.162801,0.022580991469756385
Sachin,8.163941,0.022584145084584863
drama,8.165079,0.02258729316675575
chori,8.164510,0.022585719125670305
yan,8.161660,0.022577835088599108
maa,8.177797,0.022622475336394866
bchy,8.164226,0.02258493348829198
pyari,8.165364,0.02258808157046287
kyu,8.163941,0.022584145084584863
comes,8.164795,0.022586507529377426
yad,8.162231,0.022579414662342145
30\u003c/a\u003e,8.162516,0.022580203066049267
freedom,8.164226,0.02258493348829198
Best,8.160804,0.022575467111148953
Sale,8.162516,0.022580203066049267
YAAD,8.161946,0.022578626258635028
please,8.168770,0.02259750368634515
Bhosra,8.162516,0.022580203066049267
di,8.162801,0.022580991469756385
actoer,8.161375,0.022577046684891987
anop,8.160804,0.022575467111148953
ku,8.165364,0.02258808157046287
jinda,8.163941,0.022584145084584863
im,8.163371,0.022582568277170624
TO,8.163656,0.022583356680877742
rupiya,8.162231,0.022579414662342145
pataletta,8.165932,0.022589652845219514
yahan,8.168486,0.022596718048966825
puchawade,8.161660,0.022577835088599108
gaya,8.164795,0.022586507529377426
bs,8.161946,0.022578626258635028
planning,8.163941,0.022584145084584863
delhi,8.163371,0.022582568277170624
Jaan,8.164795,0.022586507529377426
colleges\u003cbr,8.165648,0.022588867207841187
seems,8.164226,0.02258493348829198
son,8.165932,0.022589652845219514
it\u0026#39,8.167352,0.022593581032111124
LIKES,8.161946,0.022578626258635028
bolo,8.162231,0.022579414662342145
noodles,8.161090,0.02257625828118487
guy,8.165079,0.02258729316675575
Sali,8.168486,0.022596718048966825
satark,8.163371,0.022582568277170624
cried,8.169620,0.022599855065822523
fir,8.166500,0.022591224119976158
socio,8.164226,0.02258493348829198
khooni,8.161660,0.022577835088599108
mane,8.161375,0.022577046684891987
also,8.170751,0.022602983783691827
chodu,8.160804,0.022575467111148953
back,8.163371,0.022582568277170624
relation,8.165648,0.022588867207841187
academy,8.165079,0.02258729316675575
Dunya,8.162516,0.022580203066049267
Oppression,8.164226,0.02258493348829198
painful,8.163656,0.022583356680877742
zarurat,8.163371,0.022582568277170624
2,8.175266,0.022615473758209884
root,8.164226,0.02258493348829198
ACTING,8.161946,0.022578626258635028
remember,8.161660,0.022577835088599108
meio,8.164510,0.022585719125670305
hai\u003cbr,8.164226,0.02258493348829198
Hindu,8.165932,0.022589652845219514
armaan,8.163086,0.022581779873463503
looks,8.164795,0.022586507529377426
fuck,8.161375,0.022577046684891987
shikha,8.169336,0.0225990694284442
else,8.161660,0.022577835088599108
hahahahhahaha,8.162231,0.022579414662342145
yesa,8.161946,0.022578626258635028
hoyechhe,8.161946,0.022578626258635028
TOO,8.161090,0.02257625828118487
Pan,8.161090,0.02257625828118487
bichari,8.164795,0.022586507529377426
naam,8.165932,0.022589652845219514
hasi,8.165079,0.02258729316675575
\u0026quot,8.169620,0.022599855065822523
Kisi,8.162801,0.022580991469756385
angoor,8.161090,0.02257625828118487
solve,8.163656,0.022583356680877742
You,8.165932,0.022589652845219514
Itana,8.163941,0.022584145084584863
mehnat,8.164510,0.022585719125670305
uske,8.163371,0.022582568277170624
/\u003eeverytime,8.165932,0.022589652845219514
melhor,8.164510,0.022585719125670305
kal,8.166500,0.022591224119976158
le,8.165364,0.02258808157046287
previous,8.165648,0.022588867207841187
Episodewa,8.163941,0.022584145084584863
/\u003eBade,8.166216,0.022590438482597838
AYA,8.161375,0.022577046684891987
dey,8.165364,0.02258808157046287
chea,8.160804,0.022575467111148953
nee,8.161375,0.022577046684891987
brad,8.161946,0.022578626258635028
HORRIBLE,8.164226,0.02258493348829198
kand,8.165932,0.022589652845219514
rPed,8.163371,0.022582568277170624
kabhi,8.163941,0.022584145084584863
girls,8.168203,0.0225959351779173
100,8.173857,0.022611576000935035
start,8.172447,0.02260767547733139
jisne,8.161090,0.02257625828118487
jaagti,8.163371,0.022582568277170624
Pal,8.161375,0.022577046684891987
jab,8.171034,0.022603766654741356
wah,8.165932,0.022589652845219514
ganesh,8.170469,0.022602203678971103
emotional,8.173575,0.022610795896214307
men,8.167919,0.022595149540538977
many,8.179480,0.022627131067760067
bhut,8.161090,0.02257625828118487
bekar,8.160804,0.022575467111148953
dilli,8.164795,0.022586507529377426
strictly,8.164226,0.02258493348829198
chl,8.162801,0.022580991469756385
dum,8.162516,0.022580203066049267
sanjiv,8.165648,0.022588867207841187
Fuck,8.161375,0.022577046684891987
GAJAB,8.161946,0.022578626258635028
instead,8.163371,0.022582568277170624
birthday,8.162516,0.022580203066049267
Ara,8.162231,0.022579414662342145
sumit,8.167919,0.022595149540538977
truth,8.161375,0.022577046684891987
bhasand,8.165648,0.022588867207841187
daily,8.164510,0.022585719125670305
prosion,8.165364,0.02258808157046287
jaty,8.162516,0.022580203066049267
Apnay,8.162516,0.022580203066049267
link,8.164226,0.02258493348829198
V,8.164795,0.022586507529377426
kash,8.162516,0.022580203066049267
defending,8.165648,0.022588867207841187
Ladki,8.164795,0.022586507529377426
hindus,8.161946,0.022578626258635028
mare,8.162801,0.022580991469756385
phir,8.163371,0.022582568277170624
mein,8.176110,0.022617808539714478
wise,8.161946,0.022578626258635028
kutiya,8.161090,0.02257625828118487
Balaji,8.164226,0.02258493348829198
sound,8.165648,0.022588867207841187
heron,8.161375,0.022577046684891987
totally,8.166216,0.022590438482597838
Fucker,8.161660,0.022577835088599108
MIND,8.164226,0.02258493348829198
Dial,8.163656,0.022583356680877742
Tumahri,8.164226,0.02258493348829198
reh,8.160804,0.022575467111148953
gujrat,8.163371,0.022582568277170624
kbhi,8.164510,0.022585719125670305
beliefs,8.162231,0.022579414662342145
If,8.167919,0.022595149540538977
COMMENT,8.161946,0.022578626258635028
make,8.160518,0.022574675941113034
honke,8.164795,0.022586507529377426
deti,8.169336,0.0225990694284442
discovered,8.161946,0.022578626258635028
suggested,8.164226,0.02258493348829198
Galat,8.162801,0.022580991469756385
namskar,8.162516,0.022580203066049267
Poor,8.171034,0.022603766654741356
annoying,8.162801,0.022580991469756385
quite,8.163656,0.022583356680877742
imran,8.164795,0.022586507529377426
asid,8.165932,0.022589652845219514
marte,8.163371,0.022582568277170624
new,8.165364,0.02258808157046287
rap,8.160804,0.022575467111148953
hua,8.173011,0.022609235686772852
bc,8.164510,0.022585719125670305
khan,8.169620,0.022599855065822523
OFFICER,8.160804,0.022575467111148953
t=37m30s\\u003e37,8.162516,0.022580203066049267
#saluteboss,8.163941,0.022584145084584863
raha,8.174139,0.022612356105655766
kar,8.173011,0.022609235686772852
FUCK,8.163371,0.022582568277170624
Was,8.166500,0.022591224119976158
baad,8.161946,0.022578626258635028
50%,8.161375,0.022577046684891987
blame,8.163086,0.022581779873463503
